3,0,-0.00231812,-0.23867886,0.24310808,2.4310863,-3.5989423,0.6
3,0.1,-0.07075161,-0.9006334,0.90081435,6.577314,-3.5973527,0.6
3,0.2,-0.17222933,-1.0707988,1.0712026,1.7041887,-3.595743,0.6
3,0.3,-0.2837251,-1.1396228,1.1398814,0.6869866,-3.5942817,0.6
3,0.4,-0.40718198,-1.3405306,1.340678,2.0081751,-3.5926,0.6
3,0.5,-0.55976564,-1.68059,1.6806722,3.400076,-3.590631,0.6
3,0.6,-0.74720526,-2.011842,2.0118876,3.3118138,-3.5886538,0.6
3,0.7,-0.9644014,-2.3019574,2.3019826,2.899938,-3.5868757,0.6
3,0.8,-1.2122926,-2.628047,2.628061,3.259167,-3.5852873,0.6
3,0.9,-1.493934,-2.9630697,2.9630778,3.3481505,-3.58396,0.6
3,1,-1.8053076,-3.2141469,3.2141523,2.5088634,-3.5829573,0.6
3,1.1,-2.1357327,-3.3846002,3.3846033,1.703353,-3.5821579,0.6
3,1.2,-2.4863336,-3.6215355,3.6215374,2.368899,-3.5815334,0.6
3,1.3,-2.8636823,-3.8904645,3.8904655,2.689114,-3.58125,0.6
3,1.4,-3.264725,-4.0996623,4.0996633,2.0919218,-3.5812666,0.6
3,1.5,-3.6854675,-4.3032637,4.303264,2.0359876,-3.5815241,0.6
3,1.6,-4.1291375,-4.548288,4.5482883,2.4502172,-3.5819705,0.6
3,1.7,-4.5960426,-4.7479277,4.7479277,1.9963669,-3.5824912,0.6
3,1.8,-5.07719,-4.868977,4.8689775,1.2104849,-3.5829508,0.6
3,1.9,-5.573804,-5.0543237,5.0543237,1.8534576,-3.583286,0.6
3,2,-6.0893445,-5.2151494,5.21515,1.6082593,-3.583393,0.6
3,2.1,-6.61236,-5.227134,5.227134,0.119844064,-3.583231,0.6
3,2.2,-7.133425,-5.210363,5.210363,-0.16771473,-3.5827854,0.6
3,2.3,-7.656142,-5.2353926,5.2353926,0.25030217,-3.5820346,0.6
3,2.4,-8.123946,-3.9532332,5.22821,-0.07180321,-3.5809703,0.6
3,2.5,-8.425883,-2.4341998,5.2314997,0.032934163,-3.5799954,0.6
3,2.6,-8.609724,-1.3060646,5.314589,0.8309498,-3.5802686,0.6
3,2.7,-8.706547,-0.46606007,5.44882,1.3423779,-3.583073,0.6
3,2.8,-8.736369,0.19463791,5.5922613,1.4344872,-3.5887814,0.6
3,2.9,-8.710357,0.6789394,5.7824664,1.9021246,-3.5965602,0.6
3,3,-8.640804,1.0099317,6.033939,2.5147989,-3.6043756,0.6
3,3.1,-8.532022,1.3119813,6.2488327,2.1489954,-3.611042,0.6
3,3.2,-8.382311,1.6033767,6.4272313,1.7840209,-3.6165085,0.6
3,3.3,-8.2083025,1.8030049,6.6611543,2.3392498,-3.6207533,0.6
3,3.4,-8.020445,1.9449053,6.8840356,2.2288074,-3.6235273,0.6
3,3.5,-7.8186255,2.0846117,7.0358887,1.5185021,-3.6246312,0.6
3,3.6,-7.6083922,2.1006372,7.2522464,2.1635337,-3.6240208,0.6
3,3.7,-7.4021316,2.0268717,7.5108266,2.5857456,-3.6218314,0.6
3,3.8,-7.2028604,1.9675419,7.7168903,2.0605707,-3.6182828,0.6
3,3.9,-7.0122676,1.8218368,7.902837,1.8593915,-3.6135125,0.6
3,4,-6.8431253,1.5808538,8.1269245,2.2408056,-3.6076972,0.6
3,4.1,-6.698869,1.336403,8.354511,2.2757957,-3.6010358,0.6
3,4.2,-6.577199,1.1226935,8.551402,1.9688408,-3.5937297,0.6
3,4.3,-6.4765096,0.9078148,8.749504,1.9809684,-3.5859475,0.6
3,4.4,-6.3893447,0.9809836,8.969944,2.204346,-3.57775,0.6
3,4.5,-6.2702303,1.3629977,9.156345,1.8639696,-3.5689716,0.6
3,4.6,-6.112117,1.7431567,9.300984,1.446345,-3.5596452,0.6
3,4.7,-5.9208627,2.04134,9.494703,1.9371645,-3.5498514,0.6
3,4.8,-5.702234,2.2976916,9.704971,2.1026552,-3.5398133,0.6
3,4.9,-5.45812,2.5713978,9.877993,1.730189,-3.5297892,0.6
3,5,-5.1826954,2.9052536,9.974774,0.9678044,-3.5200403,0.6
3,5.1,-4.8741584,3.2249992,10.072267,0.9749038,-3.5108204,0.6
3,5.2,-4.537263,3.4726539,10.230376,1.5810882,-3.5023584,0.6
3,5.3,-4.179637,3.6720927,10.411249,1.8087268,-3.4948761,0.6
3,5.4,-3.79603,3.9962838,10.421704,0.10454291,-3.4886076,0.6
3,5.5,-3.373539,4.4077554,10.304224,-1.1748066,-3.4837227,0.6
3,5.6,-2.9140816,4.721336,10.248775,-0.5544991,-3.4803271,0.6
3,5.7,-2.434042,4.8425336,10.354243,1.0546823,-3.4784596,0.6
3,5.8,-1.9478853,4.8892465,10.506549,1.5230536,-3.4781349,0.6
3,5.9,-1.4550722,4.9267054,10.578831,0.722825,-3.4792671,0.6
3,6,-0.9679259,4.814289,10.662062,0.83230484,-3.4817386,0.6
3,6.1,-0.497583,4.60134,10.845648,1.8358607,-3.4853318,0.6
3,6.2,-0.050893538,4.375746,11.041963,1.9631474,-3.489707,0.6
3,6.3,0.3786197,4.2309694,11.156979,1.1501638,-3.4946656,0.6
3,6.4,0.7957809,4.196296,11.287664,1.3068588,-3.5001714,0.6
3,6.5,1.2292074,4.431549,11.463985,1.7632076,-3.5056808,0.6
3,6.6,1.682894,4.6175246,11.677539,2.1355364,-3.5114057,0.6
3,6.7,2.1552885,4.825992,11.858827,1.8128742,-3.5168092,0.6
3,6.8,2.6531668,5.1098266,11.956556,0.97729987,-3.521759,0.6
3,6.9,3.1784136,5.328354,12.0487,0.92143965,-3.526004,0.6
3,7,3.7039242,5.1317754,12.225809,1.771088,-3.5292914,0.6
3,7.1,4.1909475,4.637285,12.425265,1.9945674,-3.5314207,0.6
3,7.2,4.622149,4.0473447,12.571439,1.4617317,-3.5322547,0.6
3,7.3,4.992085,3.4184773,12.676353,1.0491496,-3.5318182,0.6
3,7.4,5.297102,2.7377706,12.792645,1.1629124,-3.5301785,0.6
3,7.5,5.5291476,1.9663272,12.982677,1.9003248,-3.527462,0.6
3,7.6,5.6824493,1.1938349,13.171434,1.8875666,-3.5238788,0.6
3,7.7,5.765367,0.5494098,13.238887,0.6745184,-3.5196664,0.6
3,7.8,5.7895384,-0.02034388,13.2404375,0.015505176,-3.5150347,0.6
3,7.9,5.7586527,-0.48726502,13.240718,0.002804475,-3.51027,0.6
3,8,5.710591,-0.47927532,13.205154,-0.35563245,-3.5055277,0.6
3,8.1,5.667147,-0.38709614,13.085629,-1.1952555,-3.5010004,0.6
3,8.2,5.6362543,-0.25033262,12.921525,-1.6410372,-3.4968317,0.6
3,8.3,5.61231,-0.24379826,12.8877125,-0.33812726,-3.4932518,0.6
3,8.4,5.5824804,-0.3473586,12.941477,0.5376421,-3.4908402,0.6
3,8.5,5.531223,-0.6129803,12.906646,-0.34831288,-3.491043,0.6
3,8.6,5.458521,-0.76043075,12.739718,-1.6692704,-3.4949353,0.6
3,8.7,5.3672585,-0.8852476,12.548051,-1.9166805,-3.501522,0.6
3,8.8,5.262752,-1.0080183,12.357603,-1.9044725,-3.5096307,0.6
3,8.9,5.152834,-1.0412289,12.120317,-2.3728325,-3.5179057,0.6
3,9,5.0559206,-0.84392023,11.84805,-2.7227309,-3.524911,0.6
3,9.1,4.994451,-0.4151598,11.5693445,-2.7870734,-3.531377,0.6
3,9.2,4.983288,0.13079774,11.290173,-2.7916834,-3.5371873,0.6
3,9.3,5.026711,0.68115187,11.062486,-2.2767894,-3.5424495,0.6
3,9.4,5.125872,1.2260604,10.867459,-1.9502459,-3.5470102,0.6
3,9.5,5.2772646,1.7205212,10.737426,-1.3003792,-3.5503447,0.6
3,9.6,5.472633,2.1250253,10.702818,-0.34615153,-3.5523186,0.6
3,9.7,5.7023363,2.4092007,10.728734,0.25908023,-3.5529342,0.6
3,9.8,5.9431667,2.3660681,10.796686,0.6794528,-3.5521688,0.6
3,9.9,6.1630616,2.0485005,10.936575,1.398819,-3.5501282,0.6
3,10,6.341607,1.5696005,11.145577,2.0899653,-3.5470076,0.6
3,10.1,6.4698615,1.0518869,11.355243,2.0966022,-3.5430405,0.6
3,10.2,6.544593,0.47954556,11.530775,1.7552925,-3.5121615,0.6
3,10.3,6.55664,-0.1908769,11.714199,1.834212,-3.4128642,0.6
3,10.4,6.503259,-0.8458507,11.888317,1.7411638,-3.2420504,0.6
3,10.5,6.3891068,-1.4515204,12.027117,1.3879905,-3.0084162,0.6
3,10.6,6.2139196,-2.06444,12.198735,1.7161883,-2.724864,0.6
3,10.7,5.983475,-2.5342433,12.319645,1.2090989,-2.4074025,0.6
3,10.8,5.725495,-2.6284595,12.305021,-0.14622812,-2.0698326,0.6
3,10.9,5.4719477,-2.5268197,12.223007,-0.820127,-1.7233032,0.6
3,11,5.226875,-2.3940785,12.109097,-1.1390982,-1.3829916,0.6
4,0,-0.003000689,-0.30035985,0.30478904,3.0478969,-3.5989802,0.6
4,0.1,-0.09634166,-1.263083,1.263264,9.585171,-3.596646,0.6
4,0.2,-0.24192615,-1.55321,1.5536139,2.9040432,-3.5944316,0.6
4,0.3,-0.40495634,-1.6772757,1.6775342,1.2394818,-3.592465,0.6
4,0.4,-0.58249205,-1.8744824,1.8746297,1.970945,-3.5904772,0.6
4,0.5,-0.7875421,-2.2009392,2.2010214,3.263475,-3.5883658,0.6
4,0.6,-1.0271093,-2.5419774,2.5420232,3.408851,-3.5863657,0.6
4,0.7,-1.2990538,-2.8620272,2.8620527,3.1984591,-3.5846374,0.6
4,0.8,-1.6036042,-3.2005994,3.2006133,3.3834848,-3.583182,0.6
4,0.9,-1.9426949,-3.545629,3.545637,3.4483993,-3.5819635,0.6
4,1,-2.3134735,-3.8132763,3.8132818,2.675499,-3.5808976,0.6
4,1.1,-2.7029953,-3.963379,3.963382,1.5007368,-3.5802445,0.6
4,1.2,-3.1092505,-4.1618648,4.1618667,1.9847127,-3.5799916,0.6
4,1.3,-3.5402713,-4.4310813,4.4310822,2.692083,-3.5800626,0.6
4,1.4,-3.9962642,-4.651067,4.6510677,2.1998014,-3.5804076,0.6
4,1.5,-4.4712634,-4.8374066,4.837407,1.8633521,-3.5809336,0.6
4,1.6,-4.9657173,-5.0252347,5.0252347,1.8782498,-3.5814998,0.6
4,1.7,-5.477377,-5.1935925,5.1935925,1.6835718,-3.5819793,0.6
4,1.8,-6.0053673,-5.339834,5.339834,1.4624128,-3.5822928,0.6
4,1.9,-6.544526,-5.4278617,5.4278617,0.8802673,-3.5823832,0.6
4,2,-7.090614,-5.4830456,5.4830456,0.5518294,-3.5822096,0.6
4,2.1,-7.6394525,-5.4783173,5.4783177,-0.047283623,-3.5817454,0.6
4,2.2,-8.184879,-5.4442644,5.4442644,-0.3405241,-3.5809696,0.6
4,2.3,-8.731008,-5.486235,5.486235,0.41973394,-3.5798721,0.6
4,2.4,-9.226431,-4.231082,5.506059,0.19827966,-3.5784612,0.6
4,2.5,-9.550738,-2.5914319,5.388732,-1.173225,-3.5772161,0.6
4,2.6,-9.738396,-1.2455834,5.254108,-1.3461897,-3.5773456,0.6
4,2.7,-9.821975,-0.31093344,5.293691,0.39589715,-3.5800645,0.6
4,2.8,-9.838125,0.32015273,5.466746,1.7306174,-3.5856876,0.6
4,2.9,-9.798503,0.8470974,5.6143084,1.475686,-3.5934474,0.6
4,3,-9.708679,1.2000014,5.7729726,1.5866916,-3.6013005,0.6
4,3.1,-9.599572,1.1026691,6.0088468,2.3587847,-3.6076753,0.6
4,3.2,-9.499878,0.9048956,6.2665253,2.576814,-3.6123576,0.6
4,3.3,-9.40965,0.88960755,6.466543,2.0001812,-3.6157265,0.6
4,3.4,-9.316816,0.9569573,6.66131,1.9476482,-3.6178324,0.6
4,3.5,-9.21813,1.0242922,6.8980823,2.3676898,-3.618489,0.6
4,3.6,-9.111606,1.1151179,7.133775,2.3568795,-3.617563,0.6
4,3.7,-8.991123,1.2976918,7.2887416,1.5495992,-3.6150432,0.6
4,3.8,-8.84625,1.5692558,7.3492303,0.6048106,-3.6110108,0.6
4,3.9,-8.682866,1.6032416,7.4243026,0.7506437,-3.6054971,0.6
4,4,-8.533257,1.400614,7.6114187,1.8710922,-3.598672,0.6
4,4.1,-8.405221,1.2049574,7.791606,1.8018076,-3.5909312,0.6
4,4.2,-8.287828,1.1725256,7.808626,0.17013709,-3.5826795,0.6
4,4.3,-8.167847,1.214346,7.751439,-0.57192975,-3.574166,0.6
4,4.4,-8.039025,1.4800153,7.827779,0.76335114,-3.5654058,0.6
4,4.5,-7.8642497,1.9558277,7.9969788,1.6919627,-3.55609,0.6
4,4.6,-7.644309,2.3841064,8.150337,1.533552,-3.546354,0.6
4,4.7,-7.386099,2.723521,8.345157,1.9481759,-3.5364287,0.6
4,4.8,-7.099079,2.9930046,8.574194,2.2903497,-3.5266106,0.6
4,4.9,-6.784375,3.273986,8.764399,1.9020343,-3.5171666,0.6
4,5,-6.442656,3.5257142,8.962482,1.9808228,-3.5083597,0.6
4,5.1,-6.077892,3.744889,9.175954,2.1347146,-3.500406,0.6
4,5.2,-5.691701,3.9578686,9.381459,2.0550451,-3.4935079,0.6
4,5.3,-5.284718,4.1593986,9.586387,2.049266,-3.4878383,0.6
4,5.4,-4.8577952,4.368563,9.752667,1.6628067,-3.48354,0.6
4,5.5,-4.408094,4.589779,9.861488,1.0882112,-3.4807332,0.6
4,5.6,-3.9423342,4.6945076,10.046679,1.851897,-3.4794297,0.6
4,5.7,-3.4703412,4.749026,10.246695,2.0001595,-3.479634,0.6
4,5.8,-2.9907372,4.8288655,10.390329,1.4363482,-3.481275,0.6
4,5.9,-2.5080383,4.77022,10.573693,1.8336452,-3.4842238,0.6
4,6,-2.044442,4.5408397,10.774174,2.0048041,-3.4882402,0.6
4,6.1,-1.6008916,4.350423,10.935599,1.6142573,-3.4931002,0.6
4,6.2,-1.1774427,4.1335297,11.123611,1.8801216,-3.4984913,0.6
4,6.3,-0.7768892,3.9194145,11.308931,1.8531986,-3.5040631,0.6
4,6.4,-0.39037213,3.9038813,11.4249935,1.1606221,-3.50968,0.6
4,6.5,0.017451454,4.2062106,11.546516,1.2152299,-3.515381,0.6
4,6.6,0.4529212,4.4636664,11.697763,1.5124731,-3.520599,0.6
4,6.7,0.9127982,4.7171993,11.840793,1.4302869,-3.525502,0.6
4,6.8,1.4023652,5.055957,11.88876,0.47966978,-3.5295727,0.6
4,6.9,1.9300171,5.447856,11.875357,-0.13402914,-3.5327222,0.6
4,7,2.491262,5.728003,11.966504,0.9114782,-3.5347548,0.6
4,7.1,3.072727,5.8437037,12.15189,1.8538545,-3.5355887,0.6
4,7.2,3.6469545,5.6207514,12.346952,1.9506294,-3.5350869,0.6
4,7.3,4.1868443,5.2109747,12.453262,1.0631014,-3.5332627,0.6
4,7.4,4.6795387,4.6802998,12.529734,0.7647046,-3.5303154,0.6
4,7.5,5.1102457,3.9841514,12.689633,1.5989954,-3.5264053,0.6
4,7.6,5.465848,3.204687,12.890467,2.0083344,-3.521757,0.6
4,7.7,5.7437444,2.4424856,13.055967,1.6550066,-3.516686,0.6
4,7.8,5.948698,1.7211826,13.175666,1.1969782,-3.5114164,0.6
4,7.9,6.0826697,1.0823153,13.302068,1.2640218,-3.5061762,0.6
4,8,6.184873,0.9677966,13.383535,0.81467265,-3.5011516,0.6
4,8.1,6.2746916,0.83377266,13.408206,0.24670729,-3.4662578,0.6
4,8.2,6.3470206,0.602624,13.4359,0.27693376,-3.3607426,0.6
4,8.3,6.391356,0.27503988,13.5133,0.774002,-3.1684535,0.6
4,8.4,6.4057775,-0.025882859,13.500799,-0.12501185,-2.8856027,0.6
4,8.5,6.382927,-0.46648356,13.367708,-1.3309098,-2.5222914,0.6
4,8.6,6.310867,-0.97095585,13.305233,-0.62475085,-2.0951545,0.6
4,8.7,6.1848717,-1.440991,13.268917,-0.36315665,-1.6226474,0.6
4,8.8,6.0269923,-1.646741,13.080236,-1.8868078,-1.1286525,0.6
4,8.9,5.863461,-1.6185873,12.783542,-2.9669075,-0.6406842,0.6
4,9,5.7077494,-1.4666022,12.491511,-2.9203026,-0.18319109,0.6
5,0,-0.003000422,-0.29875615,0.30318534,3.03186,-3.5989816,0.6
5,0.1,-0.09461941,-1.2328025,1.2329835,9.298386,-3.5967145,0.6
5,0.2,-0.23619285,-1.5078758,1.5082797,2.753476,-3.5945697,0.6
5,0.3,-0.39433092,-1.6268575,1.6271161,1.1886356,-3.592659,0.6
5,0.4,-0.56676906,-1.8234124,1.8235598,1.9644535,-3.590713,0.6
5,0.5,-0.7667558,-2.15008,2.150162,3.2656426,-3.588627,0.6
5,0.6,-1.0018775,-2.5088553,2.508901,3.5863059,-3.5866227,0.6
5,0.7,-1.2720655,-2.8554542,2.8554795,3.4639971,-3.5848553,0.6
5,0.8,-1.5766566,-3.2022166,3.2022307,3.4653747,-3.5833695,0.6
5,0.9,-1.9162743,-3.5561073,3.5561152,3.5369453,-3.5821223,0.6
5,1,-2.2889683,-3.840674,3.8406792,2.8446152,-3.581015,0.6
5,1.1,-2.6808105,-3.9777584,3.9777615,1.3705419,-3.580323,0.6
5,1.2,-3.0865765,-4.1413026,4.1413045,1.6353035,-3.5800378,0.6
5,1.3,-3.5146668,-4.4006233,4.4006243,2.593121,-3.580082,0.6
5,1.4,-3.9687042,-4.6389713,4.638972,2.3834271,-3.5804043,0.6
5,1.5,-4.4430947,-4.8303237,4.830324,1.913476,-3.5809124,0.6
5,1.6,-4.9380374,-5.055988,5.0559883,2.2566144,-3.5814679,0.6
5,1.7,-5.457327,-5.300813,5.3008137,2.4482436,-3.581954,0.6
5,1.8,-5.998074,-5.474086,5.474086,1.7327188,-3.5822895,0.6
5,1.9,-6.549836,-5.5441256,5.5441256,0.7003928,-3.5824008,0.6
5,2,-7.106788,-5.5975747,5.5975747,0.5344836,-3.58225,0.6
5,2.1,-7.6694517,-5.638829,5.638829,0.41253835,-3.5818098,0.6
5,2.2,-8.232334,-5.6139374,5.6139374,-0.2489136,-3.5810657,0.6
5,2.3,-8.791372,-5.57809,5.57809,-0.358447,-3.5800118,0.6
5,2.4,-9.291586,-4.2578506,5.5328283,-0.4525848,-3.578657,0.6
5,2.5,-9.620899,-2.6858099,5.4831095,-0.49713874,-3.5774317,0.6
5,2.6,-9.829339,-1.55702,5.5655446,0.82441133,-3.577474,0.6
5,2.7,-9.952561,-0.72674584,5.7095037,1.4396641,-3.5800683,0.6
5,2.8,-10.004846,0.000831786,5.786067,0.765697,-3.5856462,0.6
5,2.9,-9.99443,0.55267996,5.9087253,1.2266412,-3.5933576,0.6
5,3,-9.938909,0.81178916,6.1611824,2.5246308,-3.6011047,0.6
5,3.1,-9.872224,0.6776873,6.4338245,2.7264729,-3.6073592,0.6
5,3.2,-9.810769,0.55817497,6.6132426,1.7941997,-3.6119905,0.6
5,3.3,-9.752494,0.5752922,6.7808566,1.6761329,-3.615303,0.6
5,3.4,-9.69381,0.59090906,7.0273557,2.4649785,-3.61728,0.6
5,3.5,-9.633152,0.6506185,7.271749,2.4438996,-3.617743,0.6
5,3.6,-9.561603,0.781593,7.4672856,1.9553149,-3.616555,0.6
5,3.7,-9.47573,0.9125007,7.6739078,2.0661604,-3.6136315,0.6
5,3.8,-9.377553,1.03963,7.878814,2.0490003,-3.608983,0.6
5,3.9,-9.2720375,1.0083222,8.01916,1.4033825,-3.6027045,0.6
5,4,-9.17935,0.85221994,8.159729,1.405623,-3.5950196,0.6
5,4.1,-9.107444,0.60245866,8.393996,2.3426106,-3.586218,0.6
5,4.2,-9.061808,0.35723794,8.623779,2.297769,-3.576653,0.6
5,4.3,-9.03165,0.283002,8.682636,0.5885158,-3.5666678,0.6
5,4.4,-8.990945,0.6656785,8.641969,-0.40672222,-3.556454,0.6
5,4.5,-8.888568,1.2783892,8.674275,0.32302445,-3.5457106,0.6
5,4.6,-8.736966,1.679528,8.788434,1.141548,-3.5346053,0.6
5,4.7,-8.560643,1.7764308,8.814247,0.25810713,-3.523704,0.6
5,4.8,-8.391395,1.6170455,8.797372,-0.16877311,-3.5136774,0.6
5,4.9,-8.23706,1.50277,8.8021145,0.047409277,-3.5048542,0.6
5,5,-8.0870495,1.5223261,8.883433,0.81317836,-3.4972062,0.6
5,5.1,-7.927236,1.6719837,8.961925,0.7849049,-3.4906943,0.6
5,5.2,-7.7497177,1.8498889,9.083984,1.2205858,-3.4853313,0.6
5,5.3,-7.557452,1.9741606,9.301295,2.173103,-3.481137,0.6
5,5.4,-7.353763,2.0991836,9.541911,2.4061594,-3.4781604,0.6
5,5.5,-7.133462,2.2944613,9.725652,1.8374041,-3.4764204,0.6
5,5.6,-6.8918805,2.5064301,9.899359,1.737071,-3.475916,0.6
5,5.7,-6.6314034,2.6789632,10.114834,2.154749,-3.4766312,0.6
5,5.8,-6.353862,2.8652399,10.316073,2.0123894,-3.4784799,0.6
5,5.9,-6.0563526,3.0000868,10.429828,1.1375448,-3.4813952,0.6
5,6,-5.761368,2.9088058,10.496573,0.6674624,-3.4851677,0.6
5,6.1,-5.4773946,2.7837517,10.596975,1.0040157,-3.4895778,0.6
5,6.2,-5.2062435,2.662786,10.69341,0.96435356,-3.4943056,0.6
5,6.3,-4.945586,2.5598173,10.772026,0.78615475,-3.4993176,0.6
5,6.4,-4.691119,2.6555467,10.822948,0.50923187,-3.5043533,0.6
5,6.5,-4.395429,3.183179,10.840686,0.17737123,-3.509386,0.6
5,6.6,-4.0503306,3.6665986,10.85578,0.15093549,-3.514322,0.6
5,6.7,-3.6577127,4.119773,10.866425,0.106455155,-3.5190916,0.6
5,6.8,-3.225941,4.455419,10.969644,1.0321872,-3.5233476,0.6
5,6.9,-2.766009,4.723001,11.122008,1.5236447,-3.526921,0.6
5,7,-2.2761767,5.055836,11.194532,0.72524476,-3.5297625,0.6
5,7.1,-1.7500309,5.42634,11.217928,0.23395558,-3.5316033,0.6
5,7.2,-1.1884562,5.770157,11.258645,0.40716806,-3.5324054,0.6
5,7.3,-0.59451437,6.06448,11.340692,0.8204652,-3.5320895,0.6
5,7.4,0.025329106,6.3149223,11.459455,1.1876335,-3.530719,0.6
5,7.5,0.6720575,6.582122,11.555488,0.96032643,-3.5283632,0.6
5,7.6,1.3418217,6.7803574,11.7151785,1.5969089,-3.524994,0.6
5,7.7,2.0278094,6.923564,11.924683,2.09504,-3.5208373,0.6
5,7.8,2.7270112,7.038896,12.094108,1.6942477,-3.5159848,0.6
5,7.9,3.4270084,6.9335895,12.177733,0.8362546,-3.5107777,0.6
5,8,4.1116467,6.760979,12.308063,1.3032906,-3.505494,0.6
5,8.1,4.775598,6.5202823,12.507218,1.9915566,-3.5003786,0.6
5,8.2,5.4145274,6.2857637,12.699524,1.9230518,-3.4957237,0.6
5,8.3,6.0351057,6.1640797,12.778507,0.7898368,-3.4917138,0.6
5,8.4,6.648673,6.127252,12.780727,0.02219898,-3.4887009,0.6
5,8.5,7.2511644,5.896405,12.875752,0.9502533,-3.4612336,0.6
5,8.6,7.8086276,5.303341,13.054234,1.7848092,-3.3710656,0.6
5,8.7,8.285547,4.478718,13.25839,2.041572,-3.184367,0.6
5,8.8,8.67498,3.511512,13.441949,1.8355795,-2.8802528,0.6
5,8.9,8.972938,2.4361334,13.624081,1.8213179,-2.4548757,0.6
5,9,9.164918,1.3096223,13.8198,1.9572648,-1.9171164,0.6
5,9.1,9.247957,0.28628162,13.978312,1.5852176,-1.2849679,0.6
5,9.2,9.244317,-0.4009096,14.039366,0.6107307,-0.5952353,0.6
5,9.3,9.185334,-0.7389219,14.046526,0.07175627,0.09986924,0.6
5,9.4,9.09964,-0.84781766,14.005553,-0.40962353,0.75032806,0.6
5,9.5,9.00749,-0.8635073,13.942151,-0.6340393,1.3207804,0.6
5,9.6,8.90947,-0.9329833,13.945113,0.029568195,1.7905169,0.6
5,9.7,8.808709,-0.9202371,13.930501,-0.1461694,2.1528714,0.6
5,9.8,8.722398,-0.68321,13.837345,-0.9315957,2.4112234,0.6
5,9.9,8.669674,-0.33199313,13.708509,-1.2883888,2.5699468,0.6
5,10,8.635134,-0.3724685,13.70426,-0.042528164,2.6321292,0.6
5,10.1,8.588878,-0.5317176,13.75794,0.53677696,2.6047783,0.6
5,10.2,8.531623,-0.6248978,13.72314,-0.3480219,2.4989986,0.6
5,10.3,8.466252,-0.72891694,13.685699,-0.37442482,2.3262641,0.6
5,10.4,8.384324,-0.9479929,13.7603,0.7459875,2.0971246,0.6
5,10.5,8.28884,-0.9924573,13.881157,1.2085634,1.8209707,0.6
5,10.6,8.1915045,-0.97095346,13.939271,0.58113587,1.5079838,0.6
5,10.7,8.10457,-0.8189453,13.901572,-0.37698814,1.1675075,0.6
5,10.8,8.02723,-0.78066474,13.820337,-0.8123456,0.8109848,0.6
5,10.9,7.948488,-0.80002856,13.706959,-1.133787,0.45373982,0.6
5,11,7.870776,-0.7264963,13.518891,-1.880663,0.11125042,0.6
5,11.1,7.809641,-0.47552672,13.2992525,-2.1963835,-0.20445493,0.6
5,11.2,7.7792487,-0.12064964,13.141208,-1.5804404,-0.48733965,0.6
5,11.3,7.787391,0.28250343,13.017806,-1.2340158,-0.7324021,0.6
5,11.4,7.835387,0.6630902,12.948119,-0.6968567,-0.9360108,0.6
5,11.5,7.919845,1.0216844,12.903389,-0.44729757,-1.103128,0.6
5,11.6,8.040029,1.3369238,12.848418,-0.5497018,-1.2404803,0.6
5,11.7,8.177651,1.3715024,12.838595,-0.09822173,-1.3498657,0.6
5,11.8,8.3035965,1.1493522,12.928742,0.9014779,-1.4310756,0.6
5,11.9,8.400562,0.8416819,13.036442,1.0769928,-1.4834763,0.6
5,12,8.473739,0.6671575,12.979872,-0.56570137,-1.5060321,0.6
5,12.1,8.535059,0.56131476,12.837045,-1.4282706,-1.4981132,0.6
5,12.2,8.578941,0.31165355,12.805551,-0.31494114,-1.4506209,0.6
5,12.3,8.590171,-0.0490761,12.847226,0.4167563,-1.3518852,0.6
5,12.4,8.574939,-0.23029849,12.753101,-0.94124705,-1.2110726,0.6
5,12.5,8.551529,-0.25527653,12.536654,-2.164477,-1.0487163,0.6
5,12.6,8.522412,-0.35670954,12.415843,-1.2081131,-0.88217944,0.6
5,12.7,8.472268,-0.63566613,12.437386,0.2154181,-0.70759857,0.6
5,12.8,8.39547,-0.8582565,12.456181,0.18794312,-0.535994,0.6
5,12.9,8.30592,-0.8951873,12.304376,-1.5180466,-0.38636908,0.6
5,13,8.222185,-0.7459407,12.077019,-2.2735758,-0.27122432,0.6
5,13.1,8.152178,-0.6822205,11.974375,-1.0264457,-0.17604208,0.6
5,13.2,8.080018,-0.75026155,11.993807,0.19431521,-0.0860417,0.6
5,13.3,8.002635,-0.7787843,11.9795475,-0.14259861,0.000549128,0.6
5,13.4,7.9259963,-0.76097476,11.922807,-0.56741273,0.07241245,0.6
5,13.5,7.83774,-1.070523,11.907422,-0.15384208,0.12822817,0.6
5,13.6,7.7096214,-1.4073056,11.866974,-0.40448675,0.17428681,0.6
5,13.7,7.563869,-1.4531143,11.780427,-0.8654739,0.21484478,0.6
5,13.8,7.430395,-1.2047646,11.648566,-1.318603,0.25194117,0.6
5,13.9,7.3316755,-0.80842406,11.497776,-1.5079076,0.28616738,0.6
5,14,7.2735753,-0.38615876,11.383666,-1.1411054,0.3172576,0.6
5,14.1,7.2605295,0.07659045,11.25951,-1.2415562,0.344694,0.6
5,14.2,7.292812,0.5296784,11.157984,-1.0152683,0.36794916,0.6
5,14.3,7.370823,0.9762704,11.07005,-0.87933195,0.38648242,0.6
5,14.4,7.488913,1.3057667,11.038318,-0.31732205,0.39932042,0.6
5,14.5,7.6230316,1.3480183,10.996575,-0.41742975,0.39420623,0.6
5,14.6,7.753388,1.246157,10.879767,-1.1680772,0.3556961,0.6
5,14.7,7.8643427,0.9602833,10.843083,-0.366838,0.2760444,0.6
5,14.8,7.9377184,0.5279044,10.9041605,0.61076444,0.15432465,0.6
5,14.9,7.9683957,0.10948526,10.936585,0.32425138,-0.005676099,0.6
5,15,7.9601693,-0.26326784,10.930919,-0.056665875,-0.19634382,0.6
5,15.1,7.91821,-0.5647611,10.877757,-0.5316156,-0.40734306,0.6
5,15.2,7.8545227,-0.69894755,10.747999,-1.2975792,-0.61091244,0.6
5,15.3,7.778849,-0.800585,10.597114,-1.5088567,-0.7792349,0.6
5,15.4,7.6854863,-1.027018,10.559686,-0.374279,-0.89859027,0.6
5,15.5,7.5665283,-1.2815412,10.5764475,0.16761799,-0.9700687,0.6
5,15.6,7.433612,-1.2913558,10.536906,-0.39541295,-1.0130428,0.6
5,15.7,7.3198724,-0.9927768,10.370898,-1.6600817,-1.0452142,0.6
5,15.8,7.2274804,-0.8732439,10.192143,-1.7875501,-1.0574883,0.6
5,15.9,7.139361,-0.9194057,10.17181,-0.20332418,-1.0422542,0.6
5,16,7.039564,-1.0609413,10.24903,0.77219963,-1.0034511,0.6
5,16.1,6.9305997,-1.0871568,10.225324,-0.23706521,-0.9543963,0.6
5,16.2,6.8288884,-0.95916414,10.048708,-1.7661594,-0.9054498,0.6
5,16.3,6.7472057,-0.7712115,9.959368,-0.8934034,-0.8494,0.6
5,16.4,6.664469,-0.8837275,10.022016,0.62647814,-0.78361946,0.6
5,16.5,6.5712233,-0.9275687,10.091563,0.6954763,-0.70897377,0.6
5,16.6,6.4919543,-0.6499751,9.983739,-1.078245,-0.6332855,0.6
5,16.7,6.448172,-0.29640317,9.80446,-1.7927953,-0.55639815,0.6
5,16.8,6.4240384,-0.25605154,9.740052,-0.64406466,-0.47302496,0.6
5,16.9,6.3901324,-0.3936774,9.77686,0.36808023,-0.38365188,0.6
5,17,6.356079,-0.24602538,9.643829,-1.3303102,-0.2942188,0.6
5,17.1,6.352881,0.15495408,9.405998,-2.3783133,-0.21586011,0.6
5,17.2,6.38689,0.45014903,9.287699,-1.1829959,-0.15414786,0.6
5,17.3,6.431451,0.43815014,9.315348,0.27648938,-0.10057752,0.6
5,17.4,6.477007,0.5147902,9.294614,-0.20733863,-0.0601046,0.6
5,17.5,6.540875,0.72336626,9.193717,-1.0089692,-0.04296527,0.6
5,17.6,6.612476,0.6565631,9.203745,0.10027891,-0.05450128,0.6
5,17.7,6.6652055,0.41089186,9.309865,1.061202,-0.08055985,0.6
5,17.8,6.6982613,0.29553264,9.345443,0.3557782,-0.12005115,0.6
5,17.9,6.7276998,0.29768008,9.25807,-0.8737283,-0.18118939,0.6
5,18,6.760374,0.32706216,9.167668,-0.904017,-0.25574073,0.6
5,18.1,6.790213,0.27265602,9.173122,0.054540962,-0.32393247,0.6
5,18.2,6.814663,0.2409764,9.148135,-0.249872,-0.37255636,0.6
5,18.3,6.8234754,-0.08488401,9.082529,-0.6560615,-0.41589388,0.6
5,18.4,6.7940884,-0.47495058,9.087947,0.05417864,-0.46866018,0.6
5,18.5,6.725531,-0.8474175,9.155135,0.6718834,-0.51606447,0.6
5,18.6,6.626585,-1.0817076,9.107068,-0.48067108,-0.55623245,0.6
5,18.7,6.509772,-1.2385824,8.990106,-1.169625,-0.5992781,0.6
5,18.8,6.379002,-1.3481016,8.885175,-1.0493093,-0.63113225,0.6
5,18.9,6.24752,-1.2266836,8.734262,-1.5091239,-0.64319754,0.6
5,19,6.145352,-0.83395135,8.515172,-2.1909063,-0.63972545,0.6
5,19.1,6.082669,-0.47707373,8.433605,-0.8156685,-0.62428606,0.6
5,19.2,6.0498967,-0.19231448,8.474278,0.4067332,-0.5982968,0.6
5,19.3,6.0558753,0.28734514,8.346577,-1.2770183,-0.56243247,0.6
5,19.4,6.1158476,0.8098045,8.127178,-2.193977,-0.52528334,0.6
5,19.5,6.206823,0.91422963,8.044591,-0.8258729,-0.49549615,0.6
5,19.6,6.285029,0.640443,8.157078,1.1248696,-0.46532825,0.6
5,19.7,6.3280563,0.27552593,8.334874,1.7779557,-0.43943033,0.6
5,19.8,6.341834,0.04252329,8.433682,0.98808384,-0.4273223,0.6
5,19.9,6.3348746,-0.16563725,8.431047,-0.026350023,-0.43179718,0.6
5,20,6.301684,-0.4689111,8.533411,1.0236368,-0.4363784,0.6
5,20.1,6.237259,-0.7906936,8.717571,1.8416041,-0.42957312,0.6
5,20.2,6.138453,-1.1058062,8.874638,1.5706648,-0.4090545,0.6
5,20.3,6.019635,-1.2490971,8.947489,0.7285125,-0.3750519,0.6
5,20.4,5.8889976,-1.3660026,8.999852,0.5236345,-0.33210123,0.6
5,20.5,5.745167,-1.4941065,9.066194,0.66341454,-0.285319,0.6
5,20.6,5.5919037,-1.5421616,9.051706,-0.14487278,-0.23626083,0.6
5,20.7,5.438739,-1.5956173,8.9259405,-1.2576592,-0.18398856,0.6
5,20.8,5.2683845,-1.7133329,8.767335,-1.5860572,-0.13062358,0.6
5,20.9,5.1089606,-1.4561999,8.603351,-1.6398444,-0.07631058,0.6
6,0,-0.002628836,-0.27107513,0.27550435,2.755049,-3.5990033,0.6
6,0.1,-0.07492489,-0.9498499,0.95003086,6.745511,-3.5974329,0.6
6,0.2,-0.18193917,-1.1297596,1.1301634,1.8016303,-3.5958672,0.6
6,0.3,-0.29970437,-1.2066123,1.2068709,0.76727045,-3.5944264,0.6
6,0.4,-0.4300974,-1.4073473,1.4074947,2.0064104,-3.5928123,0.6
6,0.5,-0.5890856,-1.7426267,1.7427087,3.3521852,-3.5909562,0.6
6,0.6,-0.7827152,-2.0765183,2.076564,3.3381007,-3.5890985,0.6
6,0.7,-1.0068916,-2.3729885,2.373014,2.963383,-3.5874457,0.6
6,0.8,-1.2616642,-2.6939905,2.6940045,3.2082243,-3.5860133,0.6
6,0.9,-1.5495422,-3.0248778,3.024886,3.306824,-3.5848343,0.6
6,1,-1.8670884,-3.2770967,3.2771022,2.520419,-3.583948,0.6
6,1.1,-2.203388,-3.4375021,3.4375055,1.603088,-3.5832283,0.6
6,1.2,-2.5584018,-3.660656,3.6606576,2.2312243,-3.582714,0.6
6,1.3,-2.9395974,-3.9293714,3.9293723,2.6870313,-3.582515,0.6
6,1.4,-3.34464,-4.1409464,4.140947,2.1157176,-3.582585,0.6
6,1.5,-3.769236,-4.341226,4.3412266,2.002785,-3.582865,0.6
6,1.6,-4.2165976,-4.5861807,4.586181,2.4495249,-3.5833044,0.6
6,1.7,-4.688719,-4.8226805,4.8226805,2.3649714,-3.5837789,0.6
6,1.8,-5.1815224,-5.0068917,5.0068917,1.8421029,-3.58418,0.6
6,1.9,-5.691596,-5.190921,5.190921,1.8402891,-3.5844016,0.6
6,2,-6.2238913,-5.4274354,5.4274354,2.3651469,-3.584393,0.6
6,2.1,-6.776815,-5.5857215,5.5857215,1.5828588,-3.5841224,0.6
6,2.2,-7.3369136,-5.6002398,5.6002398,0.14518383,-3.583562,0.6
6,2.3,-7.8957367,-5.587697,5.587697,-0.12541194,-3.5826964,0.6
6,2.4,-8.399156,-4.3140388,5.5890183,0.013241931,-3.5815234,0.6
6,2.5,-8.737532,-2.7980783,5.59538,0.06365796,-3.5804396,0.6
6,2.6,-8.957293,-1.6632113,5.671738,0.76364547,-3.5806103,0.6
6,2.7,-9.09086,-0.8477729,5.8305345,1.5880299,-3.5832937,0.6
6,2.8,-9.159502,-0.17876543,5.965667,1.3513995,-3.5888968,0.6
6,2.9,-9.164589,0.43076584,6.030643,0.649821,-3.5966494,0.6
6,3,-9.113531,0.8531972,6.190677,1.600406,-3.604493,0.6
6,3.1,-9.0215645,1.1180414,6.442776,2.521046,-3.6111488,0.6
6,3.2,-8.895047,1.36041,6.6702023,2.274297,-3.6165414,0.6
6,3.3,-8.74286,1.616183,6.847981,1.7777958,-3.6207135,0.6
6,3.4,-8.570843,1.7791198,7.049823,2.0184138,-3.6233463,0.6
6,3.5,-8.390967,1.8246176,7.2958746,2.4604936,-3.624076,0.6
6,3.6,-8.208326,1.8372749,7.515589,2.1971085,-3.622917,0.6
6,3.7,-8.024196,1.8369516,7.7007165,1.8512185,-3.6201138,0.6
6,3.8,-7.8426294,1.7824711,7.901926,2.0120296,-3.6158593,0.6
6,3.9,-7.673618,1.5854781,8.139154,2.3722172,-3.6103203,0.6
6,4,-7.527888,1.3706927,8.337039,1.9787847,-3.6037643,0.6
6,4.1,-7.4000244,1.1978312,8.493037,1.5599061,-3.596447,0.6
6,4.2,-7.292946,0.95639485,8.717652,2.2460961,-3.588508,0.6
6,4.3,-7.2120667,0.69746244,8.959811,2.4215357,-3.580124,0.6
6,4.4,-7.1437955,0.8246727,9.126214,1.6639718,-3.5714142,0.6
6,4.5,-7.0357013,1.2695894,9.249717,1.2349868,-3.5621862,0.6
6,4.6,-6.8885155,1.6274269,9.416686,1.6696509,-3.5524716,0.6
6,4.7,-6.706968,1.9730108,9.563019,1.463301,-3.5424287,0.6
6,4.8,-6.4905066,2.306278,9.6963825,1.3336093,-3.5322905,0.6
6,4.9,-6.246606,2.5333326,9.916066,2.196819,-3.5223284,0.6
6,5,-5.983112,2.7273972,10.152646,2.3657892,-3.5128162,0.6
6,5.1,-5.6976743,2.9618232,10.335464,1.8281612,-3.504024,0.6
6,5.2,-5.387082,3.2292156,10.473836,1.3837098,-3.4961812,0.6
6,5.3,-5.048677,3.5079634,10.575399,1.0156299,-3.4895067,0.6
6,5.4,-4.683558,3.7675683,10.650435,0.7503559,-3.4841816,0.6
6,5.5,-4.2938066,3.9934752,10.7185135,0.68076915,-3.4803317,0.6
6,5.6,-3.8835983,4.2,10.770111,0.5159778,-3.47803,0.6
6,5.7,-3.4506717,4.4335027,10.763268,-0.068427525,-3.4772935,0.6
6,5.8,-2.9958198,4.638711,10.757073,-0.06195139,-3.478075,0.6
6,5.9,-2.5245152,4.7273917,10.7781315,0.21057361,-3.480258,0.6
6,6,-2.0577185,4.609566,10.866768,0.8863646,-3.4836626,0.6
6,6.1,-1.6053765,4.465424,10.981549,1.147816,-3.487952,0.6
6,6.2,-1.1639025,4.3844666,11.0332365,0.5168757,-3.4929588,0.6
6,6.3,-0.72779375,4.343586,11.044365,0.11127936,-3.498377,0.6
6,6.4,-0.29314476,4.410673,11.073292,0.28927562,-3.5040708,0.6
6,6.5,0.16533777,4.7122955,11.183249,1.0995682,-3.5097127,0.6
6,6.6,0.6503357,4.96031,11.334768,1.5151942,-3.5153577,0.6
6,6.7,1.1597164,5.2073445,11.477489,1.4272045,-3.5204976,0.6
6,6.8,1.6943969,5.454526,11.611874,1.3438504,-3.525018,0.6
6,6.9,2.252203,5.6771836,11.763561,1.516869,-3.5286841,0.6
6,7,2.8326118,5.910246,11.898096,1.3453472,-3.5313678,0.6
6,7.1,3.4345021,6.0688496,12.037917,1.3982109,-3.5328896,0.6
6,7.2,4.0314436,5.833702,12.243405,2.054884,-3.5330584,0.6
6,7.3,4.5868645,5.313941,12.457797,2.143919,-3.5319507,0.6
6,7.4,5.0838675,4.677033,12.63836,1.805632,-3.5296285,0.6
6,7.5,5.5126305,3.95802,12.818565,1.8020464,-3.5262804,0.6
6,7.6,5.865668,3.1779194,13.017462,1.988968,-3.5221784,0.6
6,7.7,6.1409707,2.4175584,13.17582,1.5835851,-3.5174866,0.6
6,7.8,6.3470583,1.7703261,13.217514,0.41693664,-3.5124562,0.6
6,7.9,6.490946,1.1995637,13.217797,0.002827667,-3.4827955,0.6
6,8,6.597596,0.9410318,13.2661085,0.48310763,-3.3840137,0.6
6,8.1,6.679582,0.6923382,13.239114,-0.2699459,-3.1948655,0.6
6,8.2,6.74238,0.49434215,13.101536,-1.3757826,-2.9080386,0.6
6,8.3,6.785129,0.25438148,12.988002,-1.1353326,-2.5269153,0.6
6,8.4,6.797057,-0.104400255,13.01896,0.3095761,-2.066078,0.6
6,8.5,6.7564645,-0.64019406,13.098931,0.7997147,-1.5551572,0.6
6,8.6,6.6746945,-0.8723264,12.999587,-0.9934476,-1.0295187,0.6
6,8.7,6.584675,-0.8630913,12.759931,-2.3965583,-0.52053314,0.6
6,8.8,6.4964986,-0.86191493,12.604277,-1.5565108,-0.057618298,0.6
6,8.9,6.4010344,-0.9348635,12.573996,-0.30282208,0.33917361,0.6
6,9,6.3067017,-0.8049048,12.473962,-1.0003204,0.67305213,0.6
6,9.1,6.24705,-0.3333941,12.228433,-2.45522,0.951982,0.6
6,9.2,6.2420917,0.19440438,11.9556265,-2.727968,1.1789038,0.6
6,9.3,6.2726407,0.37569168,11.831944,-1.2367748,1.3528916,0.6
6,9.4,6.3117247,0.45499945,11.829086,-0.028625987,1.4755719,0.6
6,9.5,6.3699045,0.73152506,11.748209,-0.8088479,1.5452591,0.6
6,9.6,6.4626064,1.1008041,11.624927,-1.2328857,1.5563991,0.6
6,9.7,6.5939045,1.482429,11.533942,-0.9099159,1.5125687,0.6
6,9.8,6.7619777,1.8321363,11.49569,-0.38257396,1.4223307,0.6
6,9.9,6.966165,2.2079947,11.441448,-0.5424806,1.2931312,0.6
6,10,7.189839,2.211025,11.37356,-0.6789241,1.1268015,0.6
6,10.1,7.4055614,2.0734453,11.3994255,0.25862676,0.9227505,0.6
6,10.2,7.6016417,1.836411,11.515484,1.1605579,0.68042356,0.6
6,10.3,7.7739596,1.6102347,11.611149,0.9566342,0.4000228,0.6
6,10.4,7.927647,1.4419692,11.653154,0.42004916,0.08434371,0.6
6,10.5,8.079249,1.5307118,11.697269,0.44115406,-0.26124015,0.6
6,10.6,8.233594,1.522408,11.724968,0.27698708,-0.61174953,0.6
6,10.7,8.380445,1.4306357,11.758037,0.3306956,-0.93243164,0.6
6,10.8,8.510732,1.2455806,11.828936,0.7090048,-1.2033273,0.6
6,10.9,8.622658,1.0548095,11.868218,0.39283752,-1.4215465,0.6
6,11,8.713841,0.805084,11.9391165,0.70899343,-1.5873147,0.6
6,11.1,8.773874,0.4423299,12.102105,1.6299019,-1.700522,0.6
6,11.2,8.7935505,0.027073694,12.274932,1.7282751,-1.7521005,0.6
6,11.3,8.777914,-0.28063643,12.320831,0.45900226,-1.7389706,0.6
6,11.4,8.735479,-0.5519805,12.285114,-0.35716113,-1.6601774,0.6
6,11.5,8.665842,-0.8616422,12.279765,-0.05349183,-1.5190865,0.6
6,11.6,8.562418,-1.2201347,12.354912,0.7514667,-1.3297209,0.6
6,11.7,8.425134,-1.514709,12.375942,0.21030433,-1.1047311,0.6
6,11.8,8.267764,-1.6505592,12.276907,-0.9903524,-0.85835594,0.6
6,11.9,8.09578,-1.8169296,12.232702,-0.4420562,-0.6029448,0.6
6,12,7.90962,-1.8744841,12.252425,0.19722061,-0.35323814,0.6
6,12.1,7.726738,-1.755289,12.128568,-1.2385739,-0.11616092,0.6
6,12.2,7.5637403,-1.5136745,11.8771,-2.5146852,0.10686672,0.6
6,12.3,7.4223285,-1.3427744,11.698695,-1.7840557,0.31417754,0.6
6,12.4,7.290439,-1.2833308,11.633468,-0.6522915,0.5022286,0.6
6,12.5,7.151806,-1.49681,11.573978,-0.59489876,0.6666647,0.6
6,12.6,6.9983344,-1.5089357,11.535458,-0.38521388,0.8045167,0.6
6,12.7,6.856262,-1.3092866,11.510332,-0.25126013,0.9193749,0.6
6,12.8,6.744527,-0.9170878,11.400537,-1.0979605,1.012155,0.6
6,12.9,6.680835,-0.39696187,11.212344,-1.8819283,1.0811281,0.6
6,13,6.6642323,-0.0215712,11.124478,-0.8786624,1.1233767,0.6
6,13.1,6.6653028,0.036595166,11.121328,-0.031503536,1.1381788,0.6
6,13.2,6.676426,0.2220421,11.003639,-1.1768953,1.1279128,0.6
6,13.3,6.720731,0.6326337,10.794208,-2.094321,1.0947316,0.6
6,13.4,6.807216,1.0212159,10.6817875,-1.124205,1.0406866,0.6
6,13.5,6.9252615,1.2909791,10.725937,0.44149992,0.9682101,0.6
6,13.6,7.0679173,1.5346091,10.813529,0.87591773,0.8784573,0.6
6,13.7,7.2338367,1.7377888,10.854977,0.41447216,0.76192904,0.6
6,13.8,7.410324,1.764512,10.818581,-0.36395583,0.6105271,0.6
6,13.9,7.592378,1.8579448,10.760386,-0.5819474,0.43400285,0.6
6,14,7.782104,1.8559525,10.800317,0.3993074,0.2465836,0.6
6,14.1,7.958521,1.6934239,10.903262,1.0294477,0.053958982,0.6
6,14.2,8.121869,1.6004786,10.9087105,0.054486,-0.15069449,0.6
6,14.3,8.281389,1.5708457,10.846386,-0.6232439,-0.37252688,0.6
6,14.4,8.4335575,1.4436088,10.901825,0.5543918,-0.6084444,0.6
6,14.5,8.57303,1.3817799,11.050096,1.4826989,-0.8345063,0.6
6,14.6,8.703033,1.2238759,11.21503,1.6493436,-1.0375838,0.6
6,14.7,8.808996,0.92641526,11.390639,1.7560977,-1.2160491,0.6
6,14.8,8.880394,0.5576123,11.591633,2.009937,-1.3580219,0.6
6,14.9,8.913041,0.17454302,11.75137,1.5973768,-1.4435166,0.6
6,15,8.910594,-0.1759553,11.827064,0.75693136,-1.4577751,0.6
6,15.1,8.870839,-0.6026377,11.951513,1.2444977,-1.4004918,0.6
6,15.2,8.786403,-1.072981,12.119068,1.6755491,-1.2806646,0.6
6,15.3,8.65825,-1.467135,12.226928,1.0785962,-1.1126544,0.6
6,15.4,8.498552,-1.7243646,12.20605,-0.20877941,-0.90871936,0.6
6,15.5,8.319,-1.8915895,12.144944,-0.61105883,-0.6855496,0.6
6,15.6,8.122974,-2.0287044,12.107537,-0.37407053,-0.4652341,0.6
6,15.7,7.9163,-2.0674999,12.00669,-1.0084743,-0.26009658,0.6
6,15.8,7.716901,-1.886201,11.817588,-1.8910148,-0.06767604,0.6
6,15.9,7.5472717,-1.520874,11.602802,-2.1478584,0.11621517,0.6
6,16,7.4158654,-1.1454248,11.464986,-1.3781661,0.29124779,0.6
6,16.1,7.3182263,-0.8229159,11.423582,-0.41403878,0.4546454,0.6
6,16.2,7.254767,-0.473491,11.351111,-0.7247078,0.60361946,0.6
6,16.3,7.2126617,-0.3624699,11.207374,-1.4373796,0.73305666,0.6
6,16.4,7.1807394,-0.28225768,11.089161,-1.1821189,0.83986855,0.6
6,16.5,7.153715,-0.24509946,11.009396,-0.79765433,0.9237238,0.6
6,16.6,7.1331625,-0.14148103,10.8585415,-1.5085427,0.9850475,0.6
6,16.7,7.128303,0.030412747,10.632717,-2.2582457,1.024363,0.6
6,16.8,7.1504984,0.35541016,10.526467,-1.0624994,1.043135,0.6
6,16.9,7.1976414,0.55727094,10.555349,0.2888203,1.0426297,0.6
6,17,7.263937,0.7459621,10.595585,0.40235567,1.0215946,0.6
6,17.1,7.3459706,0.8501243,10.649327,0.5374246,0.9703568,0.6
6,17.2,7.4275517,0.7706777,10.712582,0.63254404,0.88289547,0.6
6,17.3,7.505716,0.808993,10.699005,-0.13576514,0.76748097,0.6
6,17.4,7.5975876,0.9790327,10.611422,-0.87583596,0.6347643,0.6
6,17.5,7.693764,0.8984406,10.644777,0.33355775,0.49357292,0.6
6,17.6,7.7704916,0.64696157,10.769238,1.244613,0.35150796,0.6
6,17.7,7.820713,0.39741188,10.862076,0.9283746,0.21333972,0.6
6,17.8,7.8494024,0.20432214,10.848011,-0.14064765,0.06722218,0.6
6,17.9,7.863292,0.066192344,10.816563,-0.3144834,-0.082084805,0.6
6,18,7.859114,-0.14487502,10.875663,0.59100246,-0.2177483,0.6
6,18.1,7.830129,-0.38530755,10.961664,0.8600055,-0.32846224,0.6
6,18.2,7.7831235,-0.50084,10.917546,-0.44117916,-0.40941393,0.6
6,18.3,7.7360144,-0.4309491,10.779931,-1.3761432,-0.4601073,0.6
6,18.4,7.6918,-0.47580212,10.758637,-0.2129362,-0.48009536,0.6
6,18.5,7.635477,-0.63910013,10.84829,0.89652187,-0.47001916,0.6
6,18.6,7.5629897,-0.77431697,10.906401,0.5811032,-0.43262437,0.6
6,18.7,7.4868393,-0.7474605,10.822624,-0.8377649,-0.3892277,0.6
6,18.8,7.4031167,-0.9515693,10.752412,-0.7021239,-0.3435004,0.6
6,18.9,7.292549,-1.23433,10.763454,0.11042636,-0.28698653,0.6
6,19,7.154646,-1.461691,10.790848,0.27393398,-0.22112827,0.6
6,19.1,7.0116854,-1.35209,10.644667,-1.4618119,-0.15027829,0.6
6,19.2,6.8945265,-1.0462556,10.408072,-2.3659341,-0.07521262,0.6
6,19.3,6.795485,-0.99835455,10.296632,-1.1144073,0.002922764,0.6
6,19.4,6.688094,-1.1302643,10.314977,0.18344918,0.07998847,0.6
6,19.5,6.57471,-1.0821872,10.269327,-0.45649543,0.153419,0.6
6,19.6,6.4841013,-0.7359823,10.073811,-1.9551674,0.21657124,0.6
6,19.7,6.430191,-0.404078,9.907373,-1.6643728,0.2696991,0.6
6,19.8,6.392685,-0.36852625,9.881507,-0.25866508,0.31604472,0.6
6,19.9,6.356956,-0.3015188,9.864656,-0.16850471,0.3567181,0.6
6,20,6.345128,0.06545764,9.664164,-2.0049303,0.38685995,0.6
6,20.1,6.379184,0.56405485,9.386729,-2.7743459,0.3980473,0.6
6,20.2,6.4595356,0.96436316,9.244689,-1.4204037,0.3941282,0.6
6,20.3,6.5689535,1.1775223,9.306002,0.61312747,0.38237813,0.6
6,20.4,6.6942225,1.3313316,9.4203,1.1429799,0.3545796,0.6
6,20.5,6.8284607,1.3428788,9.354873,-0.6542688,0.29906136,0.6
6,20.6,6.9659824,1.390572,9.197015,-1.5785803,0.21116109,0.6
6,20.7,7.104973,1.347055,9.168389,-0.28625515,0.104079634,0.6
6,20.8,7.2310815,1.1681772,9.289719,1.2132941,-0.00429766,0.6
6,20.9,7.334488,0.9410457,9.427409,1.3769068,-0.119999155,0.6
6,21,7.4303145,0.9868576,9.417923,-0.09486199,-0.2546902,0.6
6,21.1,7.529776,0.95605755,9.3651285,-0.52794516,-0.40938634,0.6
6,21.2,7.617697,0.77887,9.441474,0.763455,-0.56050515,0.6
6,21.3,7.678497,0.46552876,9.625213,1.8373888,-0.6834909,0.6
6,21.4,7.704447,0.119303584,9.818646,1.9343393,-0.78266215,0.6
6,21.5,7.701429,-0.12495746,9.895856,0.77209544,-0.8725931,0.6
6,21.6,7.6791153,-0.3005538,9.911991,0.16135222,-0.9405345,0.6
6,21.7,7.6351557,-0.5591936,9.993896,0.81904453,-0.9705996,0.6
6,21.8,7.560948,-0.88132644,10.1364565,1.4256108,-0.96338826,0.6
6,21.9,7.456996,-1.1439888,10.21022,0.73762965,-0.92163014,0.6
6,22,7.334649,-1.2876915,10.160952,-0.49267808,-0.8482368,0.6
6,22.1,7.2004786,-1.4116286,10.10378,-0.57171875,-0.7504763,0.6
6,22.2,7.0525556,-1.5475463,10.086367,-0.17413165,-0.64233315,0.6
6,22.3,6.894425,-1.5837958,10.000651,-0.8571538,-0.5333887,0.6
6,22.4,6.7453394,-1.3825448,9.788975,-2.116768,-0.42320046,0.6
6,22.5,6.626667,-1.0284047,9.547947,-2.4102805,-0.30909258,0.6
6,22.6,6.540713,-0.74112964,9.440569,-1.073781,-0.19228187,0.6
6,22.7,6.4795537,-0.50284195,9.413622,-0.26947048,-0.075345986,0.6
6,22.8,6.4424458,-0.26343572,9.401855,-0.117664315,0.038684003,0.6
6,22.9,6.4287205,-0.025750779,9.406624,0.047683895,0.13999113,0.6
6,23,6.4392138,0.2276437,9.392268,-0.14355664,0.22788426,0.6
6,23.1,6.4762225,0.4810325,9.326424,-0.65844584,0.30709574,0.6
6,23.2,6.5295777,0.5419875,9.255501,-0.709229,0.3776216,0.6
6,23.3,6.5789557,0.45276588,9.283995,0.28493914,0.43776432,0.6
6,23.4,6.618741,0.36766762,9.307681,0.23686446,0.48586664,0.6
6,23.5,6.6510577,0.28231323,9.313311,0.05629554,0.5074692,0.6
6,23.6,6.668785,0.08059663,9.409858,0.9654723,0.48803338,0.6
6,23.7,6.6640835,-0.17236324,9.533471,1.2361348,0.4401516,0.6
6,23.8,6.6356697,-0.3637387,9.521733,-0.11737821,0.38165793,0.6
6,23.9,6.5937176,-0.46178383,9.451035,-0.7069881,0.32136643,0.6
6,24,6.545302,-0.49849242,9.466604,0.15569702,0.2628069,0.6
6,24.1,6.4966264,-0.45378733,9.557833,0.91228557,0.2073687,0.6
6,24.2,6.461687,-0.23547666,9.554554,-0.03278739,0.15581425,0.6
6,24.3,6.4559865,0.0862842,9.485889,-0.6866462,0.10877565,0.6
6,24.4,6.4776344,0.2917825,9.49583,0.09940165,0.06736209,0.6
6,24.5,6.5084724,0.33326283,9.485759,-0.10070804,0.033375178,0.6
6,24.6,6.5483527,0.43969923,9.352776,-1.3298331,0.008059705,0.6
6,24.7,6.590683,0.38232487,9.2653885,-0.8738716,-0.023659067,0.6
6,24.8,6.6197433,0.22030446,9.249361,-0.16027461,-0.060325023,0.6
6,24.9,6.637358,0.16549455,9.112393,-1.3696777,-0.09274009,0.6
6,25,6.6553445,0.18849352,8.876269,-2.361233,-0.13348204,0.6
6,25.1,6.669805,0.07276472,8.76694,-1.0932932,-0.19405948,0.6
6,25.2,6.6651196,-0.14181146,8.832112,0.65172255,-0.26123792,0.6
6,25.3,6.6415095,-0.29934624,8.916777,0.8466442,-0.33432466,0.6
6,25.4,6.6090226,-0.330291,8.866309,-0.5046753,-0.41904587,0.6
6,25.5,6.578737,-0.2970376,8.756716,-1.0959349,-0.514913,0.6
6,25.6,6.546572,-0.37194166,8.787212,0.30496618,-0.601793,0.6
6,25.7,6.4979553,-0.62132806,8.889005,1.0179241,-0.66256535,0.6
6,25.8,6.4145846,-0.9416706,8.800216,-0.8878907,-0.69666374,0.6
6,25.9,6.313704,-1.0512513,8.590923,-2.092926,-0.72243387,0.6
6,26,6.2006736,-1.2023538,8.501867,-0.89056104,-0.73541164,0.6
6,26.1,6.071135,-1.3531204,8.601925,1.000577,-0.7330812,0.6
6,26.2,5.934316,-1.3382821,8.744905,1.4298071,-0.71876836,0.6
6,26.3,5.816428,-1.0032008,8.68263,-0.6227594,-0.7029134,0.6
6,26.4,5.7442327,-0.48815238,8.488218,-1.9441146,-0.68169093,0.6
6,26.5,5.720612,-0.060565986,8.4092245,-0.7899387,-0.65169793,0.6
6,26.6,5.7299023,0.19777788,8.515857,1.0663233,-0.6150953,0.6
6,26.7,5.7605963,0.40843344,8.671081,1.5522398,-0.569982,0.6
6,26.8,5.8167505,0.6767386,8.712004,0.40923145,-0.52374965,0.6
6,26.9,5.8895245,0.72800547,8.684451,-0.27552634,-0.4870596,0.6
6,27,5.95304,0.53014344,8.717644,0.3319266,-0.45321628,0.6
6,27.1,5.987318,0.18306208,8.821164,1.0352046,-0.41350117,0.6
6,27.2,5.9863925,-0.14748703,8.8837595,0.625954,-0.36837232,0.6
6,27.3,5.9589925,-0.37007403,8.8378,-0.4595951,-0.33219716,0.6
6,27.4,5.9172463,-0.4151245,8.759256,-0.7854372,-0.30125427,0.6
6,27.5,5.8754644,-0.43306735,8.706229,-0.530272,-0.26420045,0.6
6,27.6,5.8294225,-0.4738926,8.678415,-0.2781394,-0.21923524,0.6
6,27.7,5.784944,-0.4004084,8.54023,-1.3818561,-0.16961807,0.6
6,27.8,5.7541747,-0.24095255,8.320746,-2.1948357,-0.12104052,0.6
6,27.9,5.721151,-0.52245414,8.241267,-0.7947929,-0.07427164,0.6
6,28,5.654012,-0.72352505,8.290052,0.4878525,-0.028803585,0.6
6,28.1,5.590646,-0.50056684,8.218409,-0.716439,0.00690153,0.6
6,28.2,5.566184,-0.01925236,8.025151,-1.9325749,0.026643619,0.6
6,28.3,5.589912,0.396275,7.892431,-1.3272011,0.038649287,0.6
6,28.4,5.632101,0.40869582,7.915621,0.23190042,0.05142728,0.6
6,28.5,5.6724424,0.4498556,7.946671,0.31050232,0.06688203,0.6
6,28.6,5.733507,0.7439407,7.8024654,-1.442057,0.07239875,0.6
6,28.7,5.815705,0.8403681,7.6049747,-1.974904,0.056810677,0.6
6,28.8,5.8908763,0.6261799,7.5649223,-0.40052438,0.030475445,0.6
6,28.9,5.932626,0.26567045,7.648125,0.8320291,0.00671516,0.6
6,29,5.9503064,0.15753154,7.6685185,0.20393388,-0.025115253,0.6
6,29.1,5.970165,0.20523046,7.6836104,0.15091914,-0.07715939,0.6
6,29.2,5.978242,-0.07682381,7.83138,1.4776912,-0.14912784,0.6
6,29.3,5.947546,-0.5020422,8.01469,1.833102,-0.22091784,0.6
6,29.4,5.8772373,-0.83870286,8.09582,0.81130105,-0.27636793,0.6
6,29.5,5.785989,-0.9191033,8.1264,0.30579606,-0.31454793,0.6
6,29.6,5.6963816,-0.8930906,8.121509,-0.048914008,-0.33972508,0.6
6,29.7,5.604199,-0.9376416,8.1099,-0.1160813,-0.35341877,0.6
6,29.8,5.502659,-1.078609,8.192372,0.8247193,-0.3553511,0.6
6,29.9,5.3832593,-1.2532966,8.307692,1.1531936,-0.34614897,0.6
6,30,5.2571898,-1.2260238,8.224125,-0.8356674,-0.32747123,0.6
6,30.1,5.147994,-0.9061325,8.023808,-2.0031755,-0.30043733,0.6
6,30.2,5.0831957,-0.46021932,7.904533,-1.1927423,-0.26628032,0.6
7,0,-0.002876114,-0.28748688,0.29191607,2.919167,-3.5990045,0.6
7,0.1,-0.085611574,-1.0871907,1.0873717,7.9548745,-3.5971026,0.6
7,0.2,-0.20866221,-1.3006333,1.3010372,2.137041,-3.5953066,0.6
7,0.3,-0.34468892,-1.3991735,1.3994321,0.98418266,-3.593655,0.6
7,0.4,-0.49417067,-1.5941807,1.594328,1.9490688,-3.5919082,0.6
7,0.5,-0.67139983,-1.9223248,1.9224069,3.2806537,-3.5899687,0.6
7,0.6,-0.88270915,-2.2522838,2.2523296,3.2984896,-3.58809,0.6
7,0.7,-1.1241558,-2.5442955,2.5443208,2.9184983,-3.5864608,0.6
7,0.8,-1.3958511,-2.864069,2.8640828,3.19573,-3.5850823,0.6
7,0.9,-1.7007031,-3.1948817,3.1948895,3.3060768,-3.583958,0.6
7,1,-2.0352826,-3.4458706,3.4458761,2.5083888,-3.5830665,0.6
7,1.1,-2.3884113,-3.605041,3.6050441,1.5911012,-3.5823362,0.6
7,1.2,-2.7601697,-3.8279788,3.8279808,2.2291894,-3.581952,0.6
7,1.3,-3.1581876,-4.098708,4.098709,2.7071984,-3.5818708,0.6
7,1.4,-3.5803282,-4.3109956,4.310996,2.1228418,-3.5820482,0.6
7,1.5,-4.020361,-4.4667583,4.4667587,1.5576086,-3.5824282,0.6
7,1.6,-4.4754,-4.633447,4.6334476,1.6668632,-3.5829086,0.6
7,1.7,-4.952704,-4.895764,4.895764,2.6231468,-3.5833766,0.6
7,1.8,-5.4563384,-5.125954,5.125954,2.301899,-3.5837376,0.6
7,1.9,-5.9734955,-5.196219,5.196219,0.7026483,-3.583878,0.6
7,2,-6.4948325,-5.240207,5.240207,0.43987963,-3.5837605,0.6
7,2.1,-7.023984,-5.3320885,5.332089,0.91881216,-3.5833673,0.6
7,2.2,-7.559579,-5.3503866,5.3503866,0.18298763,-3.5826683,0.6
7,2.3,-8.090205,-5.268988,5.268988,-0.813967,-3.5816877,0.6
7,2.4,-8.557796,-3.9384336,5.213411,-0.55573815,-3.580412,0.6
7,2.5,-8.859978,-2.455671,5.2529707,0.39564624,-3.5792186,0.6
7,2.6,-9.04681,-1.3200152,5.3285403,0.75576204,-3.5793009,0.6
7,2.7,-9.139149,-0.36355987,5.3463187,0.17784809,-3.581992,0.6
7,2.8,-9.151087,0.42339092,5.3635087,0.17196111,-3.5876763,0.6
7,2.9,-9.100753,0.925664,5.535742,1.7223997,-3.595444,0.6
7,3,-9.006542,1.2643507,5.7795215,2.4378607,-3.603275,0.6
7,3.1,-8.870629,1.5898064,5.971009,1.9149139,-3.6099887,0.6
7,3.2,-8.693757,1.8672737,6.1633363,1.9233041,-3.6154866,0.6
7,3.3,-8.494174,2.0578907,6.4062696,2.429344,-3.6197648,0.6
7,3.4,-8.280742,2.191708,6.6372356,2.3096488,-3.622602,0.6
7,3.5,-8.0571,2.2817717,6.8387346,2.0149555,-3.6238272,0.6
7,3.6,-7.8277617,2.2973657,7.055526,2.1678605,-3.6234288,0.6
7,3.7,-7.6001973,2.2486258,7.289081,2.3354979,-3.6215343,0.6
7,3.8,-7.379134,2.1771054,7.507336,2.18248,-3.6182938,0.6
7,3.9,-7.1691604,2.0064185,7.718266,2.1092262,-3.6138425,0.6
7,4,-6.9815526,1.7709694,7.936821,2.1854804,-3.6083403,0.6
7,4.1,-6.816878,1.5505968,8.140334,2.0350618,-3.6019874,0.6
7,4.2,-6.6730494,1.344873,8.329238,1.8889723,-3.5949771,0.6
7,4.3,-6.5502024,1.1345888,8.522745,1.9350164,-3.5874627,0.6
7,4.4,-6.4393535,1.2222008,8.728743,2.0599246,-3.5795314,0.6
7,4.5,-6.2962804,1.6006987,8.918662,1.8991499,-3.5710313,0.6
7,4.6,-6.113231,2.0204701,9.023689,1.0502412,-3.56201,0.6
7,4.7,-5.887703,2.4299917,9.106075,0.8238283,-3.5525906,0.6
7,4.8,-5.6279335,2.7202466,9.28244,1.7636236,-3.5429196,0.6
7,4.9,-5.343167,2.9467378,9.502672,2.2023098,-3.533225,0.6
7,5,-5.035788,3.1967638,9.683279,1.8060498,-3.5237334,0.6
7,5.1,-4.6978908,3.5267425,9.770534,0.8725318,-3.5147014,0.6
7,5.2,-4.3294697,3.7958908,9.907145,1.3661029,-3.506334,0.6
7,5.3,-3.9402878,3.9572272,10.12612,2.189748,-3.4988415,0.6
7,5.4,-3.538676,4.067871,10.350118,2.2399776,-3.4924335,0.6
7,5.5,-3.1254637,4.185111,10.526875,1.7675583,-3.4872959,0.6
7,5.6,-2.701837,4.2657304,10.704388,1.7751346,-3.4835439,0.6
7,5.7,-2.273437,4.301769,10.895021,1.906331,-3.4812493,0.6
7,5.8,-1.8394693,4.381445,11.014368,1.1934719,-3.480454,0.6
7,5.9,-1.397228,4.4086456,11.096912,0.8254385,-3.4810836,0.6
7,6,-0.96687937,4.2066836,11.26969,1.7277732,-3.4830503,0.6
7,6.1,-0.5597733,3.9638982,11.483113,2.1342328,-3.486143,0.6
7,6.2,-0.17522193,3.7648628,11.65287,1.6975749,-3.4900649,0.6
7,6.3,0.19340497,3.626312,11.761661,1.0879033,-3.494628,0.6
7,6.4,0.5513892,3.6122336,11.871745,1.100847,-3.4997764,0.6
7,6.5,0.9284159,3.8921301,12.003418,1.316727,-3.5049865,0.6
7,6.6,1.3320514,4.1436825,12.151393,1.4797478,-3.5104995,0.6
7,6.7,1.7595524,4.395619,12.289209,1.3781681,-3.515746,0.6
7,6.8,2.2161696,4.7035613,12.36283,0.7362116,-3.5206068,0.6
7,6.9,2.7019563,4.970332,12.470404,1.0757259,-3.5248356,0.6
7,7,3.2090955,5.126429,12.618358,1.4795396,-3.5282485,0.6
7,7.1,3.7183073,5.029201,12.690568,0.7221065,-3.5305834,0.6
7,7.2,4.2057548,4.722711,12.696908,0.06340119,-3.531658,0.6
7,7.3,4.6489053,4.1714563,12.798049,1.0114113,-3.5314827,0.6
7,7.4,5.0280833,3.471646,12.9664955,1.6844596,-3.5300715,0.6
7,7.5,5.333649,2.7111373,13.153952,1.874561,-3.5275285,0.6
7,7.6,5.56175,1.9299252,13.344564,1.9061307,-3.5240521,0.6
7,7.7,5.7118998,1.1513146,13.528381,1.8381617,-3.5198326,0.6
7,7.8,5.786456,0.41308868,13.676572,1.4819068,-3.515089,0.6
7,7.9,5.7928934,-0.15886381,13.7560835,0.7951171,-3.5101368,0.6
7,8,5.773892,-0.21525429,13.78123,0.25146058,-3.5051591,0.6
7,8.1,5.751478,-0.22533938,13.762015,-0.1921458,-3.500347,0.6
7,8.2,5.7297297,-0.19687483,13.70432,-0.57695204,-3.4959202,0.6
7,8.3,5.7131996,-0.115236476,13.593516,-1.1080338,-3.4925017,0.6
7,8.4,5.7098203,0.032863542,13.392804,-2.007129,-3.4917336,0.6
7,8.5,5.707526,-0.023761814,13.128917,-2.6388767,-3.4952695,0.6
7,8.6,5.6932883,-0.08319066,12.854426,-2.744901,-3.5020232,0.6
7,8.7,5.670651,-0.16928367,12.64129,-2.1313667,-3.5102837,0.6
7,8.8,5.6463165,-0.17157556,12.537489,-1.0379755,-3.518691,0.6
7,8.9,5.6372733,0.030260447,12.458166,-0.7932499,-3.525928,0.6
7,9,5.661137,0.40069592,12.330562,-1.276023,-3.532553,0.6
7,9.1,5.7221007,0.7599184,12.210802,-1.197514,-3.5383053,0.6
7,9.2,5.807228,0.87825257,12.076715,-1.3407594,-3.5433683,0.6
7,9.3,5.893786,0.8363383,11.96447,-1.1224246,-3.547365,0.6
7,9.4,5.974294,0.75209385,11.908727,-0.55749506,-3.5497508,0.6
7,9.5,6.037216,0.5097203,11.913954,0.052210175,-3.5506437,0.6
7,9.6,6.0690885,0.15499197,11.980024,0.6606331,-3.5502298,0.6
7,9.7,6.0619864,-0.23142205,12.057593,0.77562267,-3.548678,0.6
7,9.8,6.018568,-0.5809652,12.091192,0.3359221,-3.546183,0.6
7,9.9,5.942374,-0.911511,12.107461,0.16263513,-3.5430112,0.6
7,10,5.83438,-1.2108647,12.097765,-0.09700405,-3.5394375,0.6
7,10.1,5.7012696,-1.4193304,12.002724,-0.95044845,-3.5356963,0.6
7,10.2,5.551953,-1.5373712,11.861957,-1.4076965,-3.5320113,0.6
7,10.3,5.4020543,-1.4154319,11.676698,-1.8526126,-3.5285153,0.6
7,10.4,5.275286,-1.1783395,11.467211,-2.0948734,-3.5252442,0.6
7,10.5,5.1624336,-1.0983057,11.35676,-1.1045101,-3.5222647,0.6
7,10.6,5.0549207,-1.0493104,11.276464,-0.8029584,-3.5196257,0.6
7,10.7,4.9575715,-0.90036476,11.096474,-1.7998931,-3.517361,0.6
7,10.8,4.879633,-0.6891766,10.85403,-2.4244287,-3.5155005,0.6
7,10.9,4.8241553,-0.40839115,10.661165,-1.9286366,-3.5140424,0.6
7,11,4.8013887,-0.09140107,10.59902,-0.62143093,-3.512954,0.6
7,11.1,4.807736,0.20697728,10.5882225,-0.10795995,-3.512244,0.6
7,11.2,4.846709,0.5513554,10.548194,-0.40027794,-3.5119095,0.6
7,11.3,4.920719,0.8882209,10.522915,-0.25277176,-3.51193,0.6
7,11.4,5.0255847,1.1560812,10.569933,0.47019038,-3.512247,0.6
7,11.5,5.1519356,1.3326994,10.709248,1.3931565,-3.5128067,0.6
7,11.6,5.2925696,1.4610281,10.895431,1.8618301,-3.5135403,0.6
7,11.7,5.4439797,1.537996,11.077604,1.8217374,-3.5144298,0.6
7,11.8,5.59097,1.3865439,11.25279,1.7518613,-3.515389,0.6
7,11.9,5.713365,1.1031101,11.443286,1.9049544,-3.5163074,0.6
7,12,5.809854,0.8548772,11.609202,1.6591638,-3.5171313,0.6
7,12.1,5.879826,0.5517517,11.753805,1.4460177,-3.5177906,0.6
7,12.2,5.916123,0.2100937,11.929165,1.7535876,-3.5182204,0.6
7,12.3,5.9226594,-0.041046835,12.069228,1.4006237,-3.5183794,0.6
7,12.4,5.9071994,-0.2444539,12.105235,0.36006078,-3.518269,0.6
7,12.5,5.871993,-0.43103263,12.1259,0.20663449,-3.5178628,0.6
7,12.6,5.82033,-0.5753313,12.161681,0.35780227,-3.5171568,0.6
7,12.7,5.754659,-0.7271115,12.149013,-0.12669207,-3.516173,0.6
7,12.8,5.6733017,-0.8935756,12.124048,-0.24965797,-3.5149145,0.6
7,12.9,5.5793333,-0.96954024,12.124201,0.001521644,-3.5134034,0.6
7,13,5.479377,-1.0081017,12.120067,-0.04135485,-3.5116684,0.6
7,13.1,5.3826914,-0.9119386,11.981387,-1.3867984,-3.5098133,0.6
7,13.2,5.3002944,-0.74930453,11.776335,-2.0505269,-3.5078933,0.6
7,13.3,5.230409,-0.6572051,11.641378,-1.3495759,-3.505977,0.6
7,13.4,5.155613,-0.87843287,11.550678,-0.90700394,-3.5041296,0.6
7,13.5,5.0653434,-0.8731707,11.459851,-0.9082723,-3.502414,0.6
7,13.6,4.993742,-0.559036,11.292837,-1.6701442,-3.5008337,0.6
7,13.7,4.964108,-0.08032672,11.072918,-2.1991863,-3.4994066,0.6
7,13.8,4.981383,0.36206824,10.944536,-1.2838207,-3.4981432,0.6
7,13.9,5.0363793,0.705398,10.942561,-0.01975356,-3.497062,0.6
7,14,5.124771,1.04314,10.959423,0.16861574,-3.4961863,0.6
7,14.1,5.2478724,1.3712908,10.989377,0.29954514,-3.4955301,0.6
7,14.2,5.3993907,1.6086192,11.112444,1.2306651,-3.4951015,0.6
7,14.3,5.5680943,1.7068195,11.312345,1.999012,-3.49491,0.6
7,14.4,5.7297316,1.5089111,11.521546,2.0920136,-3.4949837,0.6
7,14.5,5.861232,1.145482,11.693301,1.7175523,-3.4953246,0.6
7,14.6,5.9516544,0.7143396,11.842446,1.4914447,-3.4959118,0.6
7,14.7,5.996867,0.23282866,12.001748,1.5930202,-3.4966857,0.6
7,14.8,5.9907265,-0.3076158,12.206071,2.0432305,-3.4976094,0.6
7,14.9,5.930393,-0.84600526,12.406731,2.0065994,-3.4986258,0.6
7,15,5.8201737,-1.2808182,12.543181,1.3645085,-3.4996665,0.6
7,15.1,5.6814623,-1.4228332,12.582832,0.3965087,-3.500712,0.6
7,15.2,5.536905,-1.4615171,12.571568,-0.11264929,-3.501688,0.6
7,15.3,5.389233,-1.4703106,12.529511,-0.42056262,-3.5025918,0.6
7,15.4,5.2444043,-1.4142749,12.420979,-1.0853316,-3.5033956,0.6
7,15.5,5.1088605,-1.3111277,12.265407,-1.5557224,-3.5040853,0.6
7,15.6,4.9855933,-1.1684123,12.070604,-1.9480168,-3.5046608,0.6
7,15.7,4.888857,-0.7702789,11.810507,-2.6009793,-3.5051103,0.6
7,15.8,4.8402276,-0.25444475,11.523487,-2.8701923,-3.5054336,0.6
7,15.9,4.842826,0.25912353,11.275681,-2.4780695,-3.5056283,0.6
7,16,4.8954344,0.74172795,11.077153,-1.9852674,-3.5056913,0.6
7,16.1,4.9922805,1.1440872,10.965559,-1.1159446,-3.5056162,0.6
7,16.2,5.126744,1.5006719,10.902011,-0.635483,-3.5054018,0.6
7,16.3,5.296233,1.8330626,10.863711,-0.38299733,-3.5050652,0.6
7,16.4,5.4928994,2.0362122,10.899197,0.35485157,-3.504604,0.6
7,16.5,5.694205,1.9603877,10.978849,0.79652745,-3.504044,0.6
7,16.6,5.876892,1.7000066,11.094282,1.1543275,-3.5034058,0.6
7,16.7,6.0255127,1.3074372,11.2821455,1.8786341,-3.5027294,0.6
7,16.8,6.131817,0.87041646,11.4899,2.077542,-3.502021,0.6
7,16.9,6.1966004,0.46545875,11.659343,1.6944321,-3.5013292,0.6
7,17,6.222219,0.077150814,11.810723,1.5138065,-3.5006895,0.6
7,17.1,6.207768,-0.3019107,11.926137,1.1541373,-3.4730709,0.6
7,17.2,6.162526,-0.580591,11.956244,0.301075,-3.388353,0.6
7,17.3,6.089845,-0.876281,11.9417515,-0.14492998,-3.2407935,0.6
7,17.4,5.9878387,-1.1565156,11.9169855,-0.2476598,-3.0340173,0.6
7,17.5,5.8657346,-1.334404,11.879924,-0.370617,-2.7711966,0.6
7,17.6,5.729084,-1.4607493,11.7933235,-0.86600333,-2.4586124,0.6
7,17.7,5.5847583,-1.5218645,11.675368,-1.1795527,-2.1062953,0.6
7,17.8,5.433298,-1.5760742,11.614137,-0.6123162,-1.72842,0.6
7,17.9,5.2793436,-1.59048,11.490636,-1.2350087,-1.3421997,0.6
7,18,5.1198006,-1.5299808,11.227756,-2.628805,-0.97063804,0.6
8,0,-0.002969357,-0.2962682,0.30069742,3.0069804,-3.5989866,0.6
8,0.1,-0.092189796,-1.1907984,1.1909794,8.903199,-3.5968204,0.6
8,0.2,-0.2283131,-1.4463022,1.446706,2.5577419,-3.594782,0.6
8,0.3,-0.37990737,-1.5587306,1.5589892,1.1230944,-3.5929427,0.6
8,0.4,-0.5451384,-1.7442405,1.7443879,1.8540263,-3.5910687,0.6
8,0.5,-0.7332317,-1.9860624,1.9861447,2.4172077,-3.589184,0.6
8,0.6,-0.94587684,-2.2431364,2.243182,2.569441,-3.5874422,0.6
8,0.7,-1.1869379,-2.5562932,2.5563185,3.1298685,-3.5858598,0.6
8,0.8,-1.4615426,-2.8941007,2.8941147,3.376036,-3.5845134,0.6
8,0.9,-1.7679272,-3.1981869,3.198195,3.0388927,-3.5834584,0.6
8,1,-2.1013644,-3.426119,3.4261246,2.2779999,-3.5826135,0.6
8,1.1,-2.4525232,-3.5851352,3.5851386,1.5896804,-3.5819643,0.6
8,1.2,-2.8222091,-3.804539,3.8045409,2.1938686,-3.5816498,0.6
8,1.3,-3.2169945,-4.0595512,4.059552,2.5500398,-3.581629,0.6
8,1.4,-3.6348646,-4.270688,4.2706885,2.1113427,-3.581851,0.6
8,1.5,-4.0729785,-4.4802303,4.4802303,2.0953975,-3.5822659,0.6
8,1.6,-4.5342407,-4.7232485,4.723249,2.4301531,-3.5827727,0.6
8,1.7,-5.019173,-4.9413877,4.9413877,2.1813748,-3.5832608,0.6
8,1.8,-5.5238748,-5.139902,5.139902,1.9851408,-3.5836248,0.6
8,1.9,-6.0497913,-5.3531613,5.3531613,2.1325872,-3.5837705,0.6
8,2,-6.594444,-5.509455,5.509455,1.5629345,-3.5836668,0.6
8,2.1,-7.150451,-5.594705,5.594705,0.8524959,-3.5832841,0.6
8,2.2,-7.712842,-5.643398,5.643398,0.4869348,-3.5825934,0.6
8,2.3,-8.278351,-5.6587,5.6587,0.15303978,-3.5815964,0.6
8,2.4,-8.786988,-4.343165,5.6181426,-0.4055369,-3.580304,0.6
8,2.5,-9.124693,-2.7709951,5.568296,-0.4984189,-3.5791147,0.6
8,2.6,-9.343051,-1.670202,5.6787276,1.1043795,-3.5791767,0.6
8,2.7,-9.479824,-0.88620275,5.8689632,1.9024267,-3.5817506,0.6
8,2.8,-9.551824,-0.22168595,6.008587,1.396307,-3.5872712,0.6
8,2.9,-9.5657,0.29688728,6.16452,1.5593972,-3.5949,0.6
8,3,-9.5339,0.6282259,6.415646,2.5113292,-3.6025891,0.6
8,3.1,-9.464762,0.902359,6.658456,2.428147,-3.609137,0.6
8,3.2,-9.356984,1.1831182,6.8474927,1.8903918,-3.6144667,0.6
8,3.3,-9.223658,1.4069785,7.0571847,2.0969229,-3.6185524,0.6
8,3.4,-9.075415,1.5329188,7.296023,2.3883672,-3.6210601,0.6
8,3.5,-8.918887,1.6063684,7.514118,2.1809235,-3.6216428,0.6
8,3.6,-8.756664,1.6325846,7.720261,2.061377,-3.6202097,0.6
8,3.7,-8.594693,1.5967047,7.940928,2.2066123,-3.6169055,0.6
8,3.8,-8.438919,1.5224406,8.161903,2.209684,-3.611956,0.6
8,3.9,-8.29448,1.3525598,8.372006,2.1009676,-3.6056008,0.6
8,4,-8.171798,1.1259228,8.581734,2.0972004,-3.5981448,0.6
8,4.1,-8.071864,0.8961962,8.794589,2.1284883,-3.5898588,0.6
8,4.2,-7.9934177,0.71057844,8.963383,1.6878742,-3.5809813,0.6
8,4.3,-7.92878,0.59660244,9.060584,0.9719599,-3.57174,0.6
8,4.4,-7.8652754,0.80673516,9.144068,0.834791,-3.5622394,0.6
8,4.5,-7.756972,1.2967885,9.222442,0.78369564,-3.5522707,0.6
8,4.6,-7.6053042,1.6430432,9.332719,1.1027339,-3.5419378,0.6
8,4.7,-7.4402075,1.6318871,9.470232,1.3751051,-3.5316324,0.6
8,4.8,-7.2774563,1.6575116,9.504171,0.33936903,-3.521831,0.6
8,4.9,-7.101697,1.8476667,9.49674,-0.074331984,-3.5127382,0.6
8,5,-6.9047556,2.0809507,9.528321,0.31579435,-3.5044641,0.6
8,5.1,-6.6796126,2.4058318,9.516926,-0.11395704,-3.4971278,0.6
8,5.2,-6.4179006,2.7826393,9.48259,-0.3433765,-3.4908426,0.6
8,5.3,-6.1215715,3.0911374,9.533493,0.50903165,-3.4857054,0.6
8,5.4,-5.800695,3.2958357,9.697468,1.6397442,-3.4817774,0.6
8,5.5,-5.461013,3.4853008,9.880962,1.8349408,-3.4791248,0.6
8,5.6,-5.1007876,3.6983275,10.041873,1.609104,-3.4777925,0.6
8,5.7,-4.720075,3.882085,10.226992,1.8511829,-3.4777727,0.6
8,5.8,-4.325404,3.9944253,10.446262,2.1927125,-3.4790206,0.6
8,5.9,-3.9231246,3.9929755,10.638509,1.9224586,-3.48148,0.6
8,6,-3.5327773,3.8516798,10.752655,1.141464,-3.4849546,0.6
8,6.1,-3.152432,3.7605095,10.816536,0.63881564,-3.4891586,0.6
8,6.2,-2.7861187,3.5740323,10.975821,1.5928435,-3.4939158,0.6
8,6.3,-2.4418132,3.3360264,11.186714,2.1089325,-3.499041,0.6
8,6.4,-2.1167014,3.2900004,11.353744,1.6702943,-3.504152,0.6
8,6.5,-1.7657666,3.672639,11.4501915,0.96448106,-3.5095372,0.6
8,6.6,-1.3801335,3.9969368,11.57516,1.2496909,-3.5146337,0.6
8,6.7,-0.96401906,4.291013,11.707818,1.3265758,-3.5195463,0.6
8,6.8,-0.51839733,4.60647,11.801988,0.94169986,-3.5238273,0.6
8,6.9,-0.037253406,4.974148,11.83065,0.286623,-3.527365,0.6
8,7,0.47785306,5.277211,11.913259,0.8260814,-3.5300064,0.6
8,7.1,1.0176965,5.4906654,12.076208,1.6294945,-3.5315824,0.6
8,7.2,1.577921,5.7082276,12.227433,1.512252,-3.5320377,0.6
8,7.3,2.1658535,6.039427,12.258773,0.31339428,-3.5313592,0.6
8,7.4,2.7898772,6.3701644,12.221637,-0.37136135,-3.529514,0.6
8,7.5,3.4248471,6.264488,12.292519,0.70881516,-3.526557,0.6
8,7.6,4.026827,5.7822003,12.463147,1.7062908,-3.5227337,0.6
8,7.7,4.568773,5.114189,12.666916,2.0376875,-3.518313,0.6
8,7.8,5.0401835,4.377216,12.85329,1.8637317,-3.5135257,0.6
8,7.9,5.437286,3.6796463,13.032161,1.788708,-3.5086095,0.6
8,8,5.7929153,3.4435117,13.224113,1.9195257,-3.503748,0.6
8,8.1,6.124143,3.2063024,13.4246,2.0048654,-3.499104,0.6
8,8.2,6.4318213,2.9814484,13.612797,1.8819733,-3.4949129,0.6
8,8.3,6.7134924,2.6851766,13.800279,1.8748165,-3.4623647,0.6
8,8.4,6.9590545,2.2575479,13.994676,1.9439714,-3.3608928,0.6
8,8.5,7.1392345,1.4809997,14.185039,1.9036282,-3.1677053,0.6
8,8.6,7.2332897,0.6359351,14.328874,1.4383434,-2.8717887,0.6
8,8.7,7.2527776,-0.16701376,14.375913,0.47040078,-2.47412,0.6
8,8.8,7.2038355,-0.8742702,14.359487,-0.1641577,-1.9898492,0.6
8,8.9,7.09182,-1.4302214,14.300986,-0.5848218,-1.4426936,0.6
8,9,6.9344754,-1.7428901,14.177843,-1.2312096,-0.86825305,0.6
8,9.1,6.756414,-1.8056206,13.992822,-1.8500677,-0.30532038,0.6
8,9.2,6.5783906,-1.6799276,13.762268,-2.3054574,0.20685104,0.6
8,9.3,6.4216113,-1.3504521,13.512472,-2.4979978,0.651515,0.6
8,9.4,6.305791,-0.8963865,13.319581,-1.9289575,1.0322238,0.6
8,9.5,6.2381964,-0.4009476,13.17422,-1.4536453,1.3532355,0.6
8,9.6,6.2248774,0.18640459,12.970432,-2.0379214,1.6146734,0.6
8,9.7,6.2777333,0.862984,12.67943,-2.9100525,1.8148724,0.6
8,9.8,6.39667,1.4585984,12.456825,-2.226071,1.9518194,0.6
8,9.9,6.566242,1.8815438,12.386841,-0.69986933,2.0240467,0.6
8,10,6.753889,1.8572398,12.377185,-0.09657972,2.0306299,0.6
8,10.1,6.9362907,1.8031919,12.3135805,-0.6360507,1.9673995,0.6
8,10.2,7.115456,1.7642109,12.197998,-1.1558366,1.8323283,0.6
8,10.3,7.2919765,1.7161124,12.111896,-0.8610308,1.634525,0.6
8,10.4,7.4621196,1.6533272,12.069102,-0.42793316,1.3905375,0.6
8,10.5,7.6436906,1.9512981,12.029344,-0.3975822,1.1116403,0.6
8,10.6,7.854909,2.201351,12.0407,0.113563515,0.79741013,0.6
8,10.7,8.083785,2.3062186,12.125219,0.8451982,0.4486037,0.6
8,10.8,8.309669,2.1501918,12.240197,1.149786,0.071425945,0.6
8,10.9,8.507883,1.8001862,12.409136,1.689397,-0.32433137,0.6
8,11,8.666477,1.4060014,12.590707,1.8157135,-0.72661614,0.6
8,11.1,8.792499,1.1699601,12.65896,0.68254006,-1.1152291,0.6
8,11.2,8.9021,1.0708452,12.628434,-0.3052554,-1.4610457,0.6
8,11.3,8.995229,0.857994,12.688783,0.6034925,-1.7313272,0.6
8,11.4,9.058671,0.49447343,12.833739,1.4495742,-1.9037958,0.6
8,11.5,9.08298,0.0794493,12.96405,1.3031094,-1.9708734,0.6
8,11.6,9.073904,-0.21447666,12.953643,-0.10407471,-1.9419783,0.6
8,11.7,9.039553,-0.47972348,12.866211,-0.87431884,-1.8274553,0.6
8,11.8,8.974935,-0.8367819,12.849915,-0.16296312,-1.6381284,0.6
8,11.9,8.876331,-1.1443077,12.815309,-0.3460683,-1.3903624,0.6
8,12,8.757451,-1.2728084,12.654254,-1.6105448,-1.104757,0.6
8,12.1,8.630496,-1.3127292,12.488607,-1.6564732,-0.8071366,0.6
8,12.2,8.493942,-1.3983687,12.446702,-0.41906106,-0.5135871,0.6
8,12.3,8.351993,-1.4117073,12.45179,0.050881423,-0.2300856,0.6
8,12.4,8.218479,-1.2307259,12.274144,-1.7764634,0.03657123,0.6
8,12.5,8.110308,-0.94278216,11.988477,-2.8566806,0.28227857,0.6
8,12.6,8.026581,-0.7605906,11.806906,-1.8157159,0.5048136,0.6
8,12.7,7.948888,-0.86054426,11.756256,-0.5065016,0.70087874,0.6
8,12.8,7.849803,-0.9883308,11.609507,-1.4675003,0.8645635,0.6
8,12.9,7.763846,-0.6982629,11.36917,-2.4033601,0.98979336,0.6
8,13,7.712619,-0.35830176,11.243848,-1.2532283,1.0785578,0.6
8,13.1,7.6914663,-0.080037296,11.258568,0.14719546,1.1377033,0.6
8,13.2,7.700712,0.26085982,11.246716,-0.118526995,1.1705824,0.6
8,13.3,7.750464,0.69804543,11.147745,-0.9896995,1.1742157,0.6
8,13.4,7.844562,1.119574,11.07072,-0.770259,1.1478424,0.6
8,13.5,7.9732647,1.3979473,11.136907,0.66186476,1.0933921,0.6
8,13.6,8.123209,1.5558214,11.25642,1.1951404,1.0112338,0.6
8,13.7,8.274531,1.4286629,11.327715,0.7129431,0.8909739,0.6
8,13.8,8.400355,1.0850189,11.381742,0.54027027,0.722536,0.6
8,13.9,8.492993,0.76908064,11.377121,-0.046211626,0.51805854,0.6
8,14,8.557901,0.53248703,11.295905,-0.8121563,0.2988083,0.6
8,14.1,8.600041,0.30454382,11.213158,-0.8274728,0.0830121,0.6
8,14.2,8.612,-0.044686235,11.264775,0.5161788,-0.115257196,0.6
8,14.3,8.584608,-0.4291227,11.35866,0.9388375,-0.28622317,0.6
8,14.4,8.526325,-0.6564032,11.261764,-0.9689612,-0.44217962,0.6
8,14.5,8.455081,-0.7534262,11.027926,-2.338363,-0.5967821,0.6
8,14.6,8.373714,-0.89065945,10.890403,-1.375237,-0.7327156,0.6
8,14.7,8.266916,-1.2187166,10.937763,0.4736049,-0.8297914,0.6
8,14.8,8.1233425,-1.5645761,11.036906,0.9914219,-0.8857124,0.6
8,14.9,7.9609337,-1.6368812,10.949824,-0.8708199,-0.9198779,0.6
8,15,7.797267,-1.6373061,10.729406,-2.2041724,-0.9447397,0.6
8,15.1,7.6272683,-1.7786511,10.609529,-1.1987797,-0.94985265,0.6
8,15.2,7.435486,-2.0102134,10.609199,-0.003300249,-0.9314677,0.6
8,15.3,7.235051,-1.937943,10.4928,-1.1639897,-0.8948275,0.6
8,15.4,7.06262,-1.5293779,10.248428,-2.443717,-0.8440097,0.6
8,15.5,6.931173,-1.2242752,10.00975,-2.386773,-0.7804025,0.6
8,15.6,6.815413,-1.1193137,9.853259,-1.564915,-0.70900214,0.6
8,15.7,6.7062182,-1.0722806,9.755053,-0.98206687,-0.63286495,0.6
8,15.8,6.60179,-1.0048631,9.637603,-1.1744993,-0.55493444,0.6
8,15.9,6.508474,-0.8784529,9.468901,-1.6870139,-0.48239255,0.6
8,16,6.4296107,-0.66568226,9.374148,-0.9475245,-0.41352487,0.6
8,16.1,6.379198,-0.3690865,9.364192,-0.09956439,-0.3415628,0.6
8,16.2,6.3646226,0.055607457,9.230897,-1.3329523,-0.26502812,0.6
8,16.3,6.398333,0.56020314,9.029405,-2.0149252,-0.1910494,0.6
8,16.4,6.474211,0.86337316,8.971007,-0.5839738,-0.12063934,0.6
8,16.5,6.5591693,0.82496244,9.023852,0.52845013,-0.05092451,0.6
8,16.6,6.63981,0.8192101,8.919308,-1.0454476,0.006417013,0.6
8,16.7,6.7240195,0.8606657,8.706509,-2.127983,0.03735585,0.6
8,16.8,6.805674,0.7515074,8.61767,-0.8883867,0.036478702,0.6
8,16.9,6.868016,0.5039747,8.678657,0.6098656,0.018651826,0.6
8,17,6.9034147,0.23024936,8.748941,0.70284915,-0.01606071,0.6
8,17.1,6.9126644,-0.012006084,8.774774,0.25832212,-0.07442098,0.6
8,17.2,6.9010906,-0.20951036,8.759822,-0.14951709,-0.15598325,0.6
8,17.3,6.8720675,-0.3728643,8.756251,-0.035705455,-0.24059771,0.6
8,17.4,6.8241053,-0.57544094,8.793291,0.37038866,-0.30875233,0.6
8,17.5,6.7542195,-0.75795025,8.856048,0.6275662,-0.35546345,0.6
8,17.6,6.6736455,-0.8235536,8.868345,0.12297682,-0.3825097,0.6
8,17.7,6.5895233,-0.860715,8.849522,-0.18823601,-0.39156094,0.6
8,17.8,6.49707,-0.9818053,8.912239,0.62717515,-0.3840879,0.6
8,17.9,6.3937674,-1.0551003,8.926361,0.1412206,-0.36243173,0.6
8,18,6.288197,-1.1295352,8.823555,-1.0280615,-0.32951862,0.6
8,18.1,6.165933,-1.2951722,8.782087,-0.41467664,-0.28766882,0.6
8,18.2,6.023447,-1.5305212,8.865813,0.83726025,-0.23864184,0.6
8,18.3,5.8646216,-1.5789773,8.92356,0.5774697,-0.18646926,0.6
8,18.4,5.7227187,-1.2407515,8.778789,-1.4477166,-0.13181436,0.6
8,18.5,5.626812,-0.7213466,8.5472,-2.3158853,-0.07394935,0.6
8,18.6,5.5811396,-0.26049712,8.420293,-1.2690743,-0.013032779,0.6
8,18.7,5.577313,0.15077597,8.369706,-0.5058671,0.049557783,0.6
8,18.8,5.6210065,0.6817298,8.211798,-1.5790856,0.11228145,0.6
8,18.9,5.722173,1.2663013,8.007325,-2.0447173,0.16506998,0.6
8,19,5.871632,1.6232705,7.9559298,-0.51395917,0.1962096,0.6
8,19.1,6.033528,1.5864428,8.007474,0.5154473,0.19947012,0.6
8,19.2,6.1824217,1.3990152,8.016392,0.08917834,0.1727516,0.6
8,19.3,6.307919,1.1141375,8.039215,0.22823374,0.11668161,0.6
8,19.4,6.39811,0.7216643,8.137761,0.98545176,0.034164265,0.6
8,19.5,6.44859,0.30722868,8.260643,1.2288201,-0.06680231,0.6
8,19.6,6.4577026,-0.054915916,8.374065,1.134225,-0.18163343,0.6
8,19.7,6.446462,-0.1806301,8.435403,0.6133753,-0.30491927,0.6
8,19.8,6.423834,-0.28340122,8.504989,0.69585854,-0.4186714,0.6
8,19.9,6.3895235,-0.3725385,8.552865,0.478764,-0.50886005,0.6
8,20,6.348889,-0.43002272,8.559821,0.06956097,-0.5715261,0.6
8,20.1,6.296229,-0.6650718,8.668365,1.0854349,-0.6079083,0.6
8,20.2,6.1856484,-1.4061219,8.802102,1.3373767,-0.6199181,0.6
8,20.3,6.0199723,-1.78833,8.752409,-0.49693155,-0.6115591,0.6
8,20.4,5.8382196,-1.7880143,8.6141615,-1.3824761,-0.58709234,0.6
8,20.5,5.6702924,-1.5738713,8.557328,-0.56833327,-0.5534747,0.6
8,20.6,5.531157,-1.213393,8.5017,-0.5562789,-0.5160959,0.6
8,20.7,5.4401,-0.6448313,8.303525,-1.981756,-0.4748578,0.6
8,20.8,5.412519,0.012840838,8.046988,-2.5653672,-0.4284247,0.6
8,20.9,5.444594,0.53195256,7.942365,-1.0462294,-0.37593946,0.6
8,21,5.517861,0.8836651,8.010361,0.67996085,-0.3170737,0.6
8,21.1,5.625121,1.2448304,8.077651,0.67290354,-0.2611937,0.6
8,21.2,5.7709713,1.6072136,8.068636,-0.09015085,-0.21847048,0.6
8,21.3,5.934688,1.6026196,8.093082,0.24446522,-0.19601043,0.6
8,21.4,6.0759172,1.2243047,8.2504,1.5731636,-0.18508984,0.6
8,21.5,6.168848,0.69017327,8.4504,2.0000095,-0.17945656,0.6
8,21.6,6.208198,0.16208993,8.590279,1.3987839,-0.187228,0.6
8,21.7,6.1958466,-0.36379218,8.706186,1.1590778,-0.21447371,0.6
8,21.8,6.1316667,-0.84854335,8.846441,1.4025512,-0.2452423,0.6
8,21.9,6.028832,-1.158578,8.918694,0.7225234,-0.2666651,0.6
8,22,5.8991265,-1.3994917,8.90387,-0.1482392,-0.27586153,0.6
8,22.1,5.750486,-1.5330186,8.980027,0.76157635,-0.27351087,0.6
8,22.2,5.588847,-1.6905729,9.104708,1.2468061,-0.2609081,0.6
8,22.3,5.4181194,-1.6849614,9.035032,-0.69675505,-0.2398471,0.6
8,22.4,5.2573366,-1.544999,8.831948,-2.0308418,-0.21253002,0.6
8,22.5,5.1077223,-1.4810429,8.706109,-1.2583936,-0.18136272,0.6
