episode,time,delta_s,delta_v_s,v_s,acc,delta_d,difficulty
3,0,-0.003125037,-0.31240085,0.31683007,3.168308,-3.5989652,0
3,0.1,-0.11524612,-1.6567392,1.6569202,13.401578,-3.5957272,0
3,0.2,-0.31982827,-2.254885,2.2552888,5.984798,-3.5922525,0
3,0.3,-0.560009,-2.4858346,2.4860933,2.3083901,-3.5893397,0
3,0.4,-0.8200349,-2.708468,2.7086153,2.2245805,-3.5866146,0
3,0.5,-1.1085988,-3.0383725,3.0384545,3.2968545,-3.5839567,0
3,0.6,-1.4324381,-3.3999634,3.400009,3.6132698,-3.5815163,0
3,0.7,-1.7921115,-3.7572787,3.757304,3.5705972,-3.579344,0
3,0.8,-2.1875439,-4.119301,4.119315,3.6185308,-3.5773015,0
3,0.9,-2.6196814,-4.4866786,4.486686,3.6730244,-3.5756304,0
3,1,-3.086212,-4.7823925,4.782398,2.9567418,-3.574572,0
3,1.1,-3.5703993,-4.8678184,4.8678217,0.8540255,-3.574116,0
3,1.2,-4.0574965,-4.8841662,4.884168,0.16332705,-3.5741425,0
3,1.3,-4.553093,-5.0416794,5.0416803,1.5750128,-3.574473,0
3,1.4,-5.0708933,-5.28391,5.2839103,2.4222455,-3.57494,0
3,1.5,-5.609164,-5.4374075,5.4374075,1.5349575,-3.5754602,0
3,1.6,-6.15568,-5.489312,5.4893126,0.5190491,-3.575918,0
3,1.7,-6.708967,-5.5785923,5.5785923,0.89279675,-3.5762594,0
3,1.8,-7.2717476,-5.6475077,5.6475077,0.6891448,-3.5764208,0
3,1.9,-7.8353267,-5.6276116,5.6276116,-0.19897334,-3.5763383,0
3,2,-8.398847,-5.6584277,5.6584277,0.30815366,-3.5759888,0
3,2.1,-8.968716,-5.712316,5.712316,0.538889,-3.5753372,0
3,2.2,-9.535992,-5.620913,5.620913,-0.91401476,-3.57441,0
3,2.3,-10.089323,-5.459904,5.459904,-1.6100628,-3.5732396,0
3,2.4,-10.571746,-4.0580435,5.333022,-1.2687829,-3.5718307,0
3,2.5,-10.883664,-2.5342605,5.33156,-0.014569992,-3.570566,0
3,2.6,-11.076479,-1.3701569,5.3786817,0.47126788,-3.5706315,0
3,2.7,-11.175562,-0.46368006,5.4464407,0.6776462,-3.5733254,0
3,2.8,-11.202882,0.23808485,5.548817,1.0238128,-3.5790076,0
3,2.9,-11.169851,0.78143233,5.6799774,1.3116499,-3.5868723,0
3,3,-11.086352,1.163339,5.8805327,2.0055919,-3.5948975,0
3,3.1,-10.963377,1.4365814,6.124225,2.4369524,-3.6018898,0
3,3.2,-10.803592,1.6973817,6.33321,2.0898569,-3.6078868,0
3,3.3,-10.618745,1.92627,6.5378695,2.0465906,-3.6129448,0
3,3.4,-10.41791,2.0583513,6.7705765,2.3270464,-3.6167417,0
3,3.5,-10.209187,2.1244447,6.996049,2.2546897,-3.6189134,0
3,3.6,-9.994949,2.1618528,7.1910214,1.9496769,-3.619309,0
3,3.7,-9.778644,2.1464713,7.3912044,2.0017705,-3.6179054,0
3,3.8,-9.568475,2.0575342,7.6268506,2.3564086,-3.614728,0
3,3.9,-9.371108,1.8872277,7.8373685,2.1051154,-3.6098802,0
3,4,-9.193423,1.6852386,8.022426,1.8505121,-3.60357,0
3,4.1,-9.037881,1.4448181,8.245946,2.2351563,-3.5960054,0
3,4.2,-8.906209,1.2320428,8.441872,1.9592037,-3.5874543,0
3,4.3,-8.788256,1.1546295,8.502485,0.6060982,-3.5782223,0
3,4.4,-8.664845,1.4291307,8.521582,0.1909249,-3.5684779,0
3,4.5,-8.49682,1.8507185,8.668409,1.4682477,-3.558008,0
3,4.6,-8.2935505,2.1893945,8.854545,1.8613278,-3.5469716,0
3,4.7,-8.050792,2.6297977,8.906072,0.51524466,-3.5356586,0
3,4.8,-7.76262,3.0701091,8.932409,0.26335812,-3.5243578,0
3,4.9,-7.4382796,3.3638048,9.085472,1.530621,-3.5133839,0
3,5,-7.0902247,3.5747354,9.305209,2.1973631,-3.5030897,0
3,5.1,-6.7211394,3.789099,9.50811,2.0289977,-3.4938254,0
3,5.2,-6.3322983,3.9352415,9.697875,1.897644,-3.4859722,0
3,5.3,-5.9487524,3.694429,9.910777,2.1290162,-3.479927,0
3,5.4,-5.607673,3.164893,10.1010475,1.9027097,-3.4759383,0
3,5.5,-5.326096,2.5137765,10.238287,1.3723925,-3.47401,0
3,5.6,-5.116164,1.7588282,10.423694,1.8540585,-3.4739578,0
3,5.7,-4.9765334,1.1571299,10.62388,2.001874,-3.4755285,0
3,5.8,-4.8740005,0.9746542,10.687948,0.6406731,-3.4784887,0
3,5.9,-4.7728357,1.030341,10.659017,-0.28931952,-3.4825854,0
3,6,-4.669289,1.038756,10.629866,-0.29150194,-3.4874575,0
3,6.1,-4.563723,1.0870069,10.56103,-0.68835646,-3.4928455,0
3,6.2,-4.449514,1.181655,10.445867,-1.1516329,-3.4986126,0
3,6.3,-4.327801,1.2454605,10.361606,-0.84261376,-3.5044074,0
3,6.4,-4.196693,1.4444807,10.253332,-1.082731,-3.5100415,0
3,6.5,-4.0215144,2.0125852,10.0661745,-1.871577,-3.5154939,0
3,6.6,-3.785909,2.6243987,9.850274,-2.159007,-3.520764,0
3,6.7,-3.4961362,3.086485,9.791951,-0.58322465,-3.5254445,0
3,6.8,-3.169323,3.4136682,9.8713255,0.7937414,-3.529298,0
3,6.9,-2.810595,3.7260408,9.898577,0.27250683,-3.5323694,0
3,7,-2.4279776,3.8659356,9.770584,-1.2799215,-3.534208,0
3,7.1,-2.0497286,3.6643057,9.723568,-0.4701631,-3.5348186,0
3,7.2,-1.7096957,3.1607673,9.84683,1.2326218,-3.5342333,0
3,7.3,-1.4265001,2.595682,10.008201,1.6137054,-3.5325775,0
3,7.4,-1.1831051,2.3537457,10.033934,0.25733173,-3.5300932,0
3,7.5,-0.9478603,2.357532,10.078369,0.44435295,-3.5269003,0
3,7.6,-0.70977837,2.3946576,10.2436,1.6523036,-3.5231295,0
3,7.7,-0.46639243,2.4778605,10.446603,2.030027,-3.5188498,0
3,7.8,-0.20885122,2.6736927,10.583997,1.37394,-3.5142915,0
3,7.9,0.070236325,2.8268194,10.691352,1.0735471,-3.5095716,0
3,8,0.3421856,2.6278167,10.866456,1.7510426,-3.5048854,0
3,8.1,0.59286785,2.4130793,11.056079,1.8962289,-3.5005112,0
3,8.2,0.8242605,2.2528007,11.191273,1.3519356,-3.4966102,0
3,8.3,1.0456158,2.1900926,11.228425,0.3715271,-3.4933064,0
3,8.4,1.263133,2.1649976,11.255831,0.27405456,-3.4907007,0
3,8.5,1.4849861,2.2110636,11.346988,0.911572,-3.4888215,0
3,8.6,1.6977267,2.0603743,11.373828,0.26839915,-3.4877484,0
3,8.7,1.8928927,1.858872,11.330029,-0.43799418,-3.48746,0
3,8.8,2.060129,1.4984936,11.391326,0.61297417,-3.4877763,0
3,8.9,2.1870098,1.0989121,11.506751,1.1542546,-3.4888492,0
3,9,2.284375,0.9090651,11.596843,0.9009154,-3.4914412,0
3,9.1,2.376426,0.97506446,11.654987,0.581446,-3.4975595,0
3,9.2,2.479839,1.1625748,11.709964,0.5497744,-3.5080333,0
3,9.3,2.596612,1.3596814,11.815744,1.0577232,-3.5204706,0
3,9.4,2.7387757,1.6204957,11.826927,0.11177756,-3.5329468,0
3,9.5,2.9042785,1.7253008,11.725665,-1.0125879,-3.5438814,0
3,9.6,3.0712256,1.5800042,11.683489,-0.4216666,-3.553454,0
3,9.7,3.2108018,1.2205564,11.769895,0.8641204,-3.5615766,0
3,9.8,3.3108375,0.8493304,11.864914,0.9501544,-3.5674796,0
3,9.9,3.3929067,0.8483832,11.767726,-0.9719695,-3.5710013,0
3,10,3.4885736,1.0287808,11.558267,-2.0946858,-3.5723162,0
3,10.1,3.5965867,1.1029234,11.452339,-1.0593569,-3.5716493,0
3,10.2,3.7016623,1.0039669,11.519531,0.6718358,-3.5692723,0
3,10.3,3.7928863,0.8652776,11.626536,1.0699846,-3.5654504,0
3,10.4,3.879806,0.8952829,11.563865,-0.6267696,-3.560426,0
3,10.5,3.9846132,1.1883633,11.41668,-1.471894,-3.5544703,0
3,10.6,4.1198473,1.4556386,11.390265,-0.26417243,-3.547831,0
3,10.7,4.275162,1.6187583,11.504258,1.1399007,-3.5407803,0
3,10.8,4.442624,1.7130374,11.650949,1.4669002,-3.533612,0
3,10.9,4.60902,1.5974014,11.781694,1.3074576,-3.5267055,0
3,11,4.7519493,1.2776902,11.970876,1.891813,-3.5204275,0
3,11.1,4.8579507,0.8797055,12.178692,2.078179,-3.515015,0
3,11.2,4.9258327,0.52019846,12.355479,1.7678885,-3.510624,0
3,11.3,4.9660926,0.3423253,12.493128,1.3764961,-3.5073178,0
3,11.4,5.002809,0.4197066,12.546125,0.5299991,-3.505099,0
3,11.5,5.0560346,0.6362399,12.551054,0.049292423,-3.5039544,0
3,11.6,5.1305614,0.82127094,12.5771055,0.26053283,-3.503845,0
3,11.7,5.2124453,0.7786328,12.617034,0.3992933,-3.5047174,0
3,11.8,5.281545,0.6073515,12.648696,0.31662926,-3.5064108,0
3,11.9,5.331542,0.39712682,12.663386,0.14690399,-3.5087082,0
3,12,5.3562055,0.12121405,12.75214,0.887537,-3.5113823,0
3,12.1,5.3567533,-0.03995699,12.870055,1.1791515,-3.5142477,0
3,12.2,5.356779,0.055743262,12.866862,-0.031929027,-3.5172038,0
3,12.3,5.3649626,0.09995914,12.780078,-0.8678531,-3.520056,0
3,12.4,5.3755007,0.08092267,12.756688,-0.2338979,-3.5225966,0
3,12.5,5.3781815,-0.02605996,12.820676,0.6398683,-3.5246809,0
3,12.6,5.371219,-0.07978646,12.830912,0.102349274,-3.5262237,0
3,12.7,5.3686357,0.054480616,12.667028,-1.6388402,-3.5271752,0
3,12.8,5.3952928,0.45337808,12.433635,-2.3339443,-3.5275164,0
3,12.9,5.4594545,0.7733879,12.325402,-1.0823414,-3.5272012,0
3,13,5.5465956,0.90496796,12.381707,0.56304324,-3.526212,0
3,13.1,5.6328883,0.8096834,12.477401,0.95693046,-3.5245428,0
3,13.2,5.7097354,0.7451894,12.428148,-0.49253,-3.5222964,0
3,13.3,5.7828984,0.7198631,12.313747,-1.1440132,-3.519585,0
3,13.4,5.8492193,0.61656463,12.317737,0.039878912,-3.5165255,0
3,13.5,5.9049387,0.5241663,12.441534,1.237971,-3.513211,0
3,13.6,5.956376,0.5257207,12.584373,1.4283916,-3.5097413,0
3,13.7,6.0166707,0.6615119,12.602008,0.17634091,-3.5062397,0
3,13.8,6.0876007,0.7171397,12.537663,-0.6434473,-3.5028572,0
3,13.9,6.1523995,0.5636526,12.573206,0.35542196,-3.4997225,0
3,14,6.19251,0.29253328,12.656374,0.83167756,-3.4705994,0
3,14.1,6.214209,0.20290399,12.601435,-0.5493965,-3.3835661,0
3,14.2,6.2433033,0.3411421,12.423441,-1.779933,-3.2253072,0
3,14.3,6.2875066,0.43331364,12.342514,-0.8092736,-2.9930084,0
3,14.4,6.33442,0.40702584,12.404211,0.61697567,-2.6888816,0
3,14.5,6.3762302,0.3475221,12.483487,0.79275656,-2.3202193,0
3,14.6,6.413154,0.32494408,12.377948,-1.0553899,-1.9018286,0
3,14.7,6.450721,0.36469084,12.152456,-2.2549229,-1.45361,0
3,14.8,6.4880824,0.33228627,12.028729,-1.2372663,-0.9949864,0
3,14.9,6.5218472,0.3402228,12.019717,-0.090119556,-0.54233766,0
3,15,6.560865,0.47517306,11.927047,-0.92670286,-0.11131472,0
3,15.1,6.620727,0.74319756,11.724966,-2.0208073,0.2833196,0
3,15.2,6.7035685,0.9293484,11.606912,-1.1805434,0.6289248,0
3,15.3,6.7950826,0.9535279,11.634794,0.27881756,0.91563964,0
3,15.4,6.8736367,0.7714862,11.673822,0.39028278,1.1347282,0
3,15.5,6.957362,0.9782516,11.540442,-1.3338002,1.28424,0
3,15.6,7.074854,1.3563777,11.331619,-2.0882244,1.3655286,0
3,15.7,7.2272625,1.6388218,11.251379,-0.80240345,1.3794162,0
3,15.8,7.3995986,1.7651232,11.332805,0.81425697,1.3277247,0
3,15.9,7.5796084,1.7928663,11.460466,1.2766175,1.2132972,0
3,16,7.7571907,1.7096453,11.509941,0.49474686,1.042153,0
3,16.1,7.9196305,1.4993056,11.522388,0.12447296,0.8248153,0
3,16.2,8.054128,1.1666256,11.601974,0.7958506,0.5744309,0
3,16.3,8.150361,0.7727911,11.766601,1.6462713,0.30419585,0
3,16.4,8.212949,0.5263829,11.949593,1.8299205,0.025206465,0
3,16.5,8.264801,0.54437,12.057895,1.0830212,-0.25407705,0
3,16.6,8.330737,0.7777125,12.056821,-0.010739347,-0.5253378,0
3,16.7,8.425521,1.0916495,12.027258,-0.29563072,-0.77990687,0
3,16.8,8.545291,1.2677284,12.108628,0.81370306,-1.0085272,0
3,16.9,8.665889,1.1436859,12.266011,1.5738299,-1.2003653,0
3,17,8.764168,0.8785821,12.409538,1.435271,-1.3471334,0
3,17.1,8.837579,0.6326135,12.459205,0.49666396,-1.4451303,0
3,17.2,8.886189,0.37294766,12.511685,0.5248067,-1.4940541,0
3,17.3,8.912153,0.19165248,12.610231,0.9854605,-1.4960222,0
3,17.4,8.929539,0.1446031,12.701545,0.913134,-1.4545932,0
3,17.5,8.935124,-0.012418176,12.762999,0.6145383,-1.3745308,0
3,17.6,8.9287405,-0.110822126,12.764817,0.018186264,-1.2616811,0
3,17.7,8.913579,-0.21301877,12.775281,0.10463698,-1.1228247,0
3,17.8,8.884841,-0.3525088,12.831102,0.5582145,-0.96513635,0
3,17.9,8.84652,-0.4034644,12.820263,-0.108394764,-0.7960859,0
3,18,8.816111,-0.22606394,12.79078,-0.29482865,-0.6212748,0
3,18.1,8.80587,0.013092542,12.752742,-0.38038287,-0.44621614,0
3,18.2,8.823621,0.3207724,12.673211,-0.79530776,-0.2770553,0
3,18.3,8.871893,0.60424244,12.633125,-0.40085813,-0.11988888,0
3,18.4,8.940865,0.73144186,12.709061,0.7593546,0.019371215,0
3,18.5,9.008159,0.6060758,12.837135,1.2807478,0.13419385,0
3,18.6,9.056827,0.3972822,12.923791,0.8665571,0.21983215,0
3,18.7,9.086354,0.22998683,12.916992,-0.067987084,0.2742615,0
3,18.8,9.102221,0.11752387,12.855268,-0.61724687,0.29750952,0
3,18.9,9.111011,0.06947429,12.843992,-0.11275267,0.2912887,0
3,19,9.119047,0.1073775,12.883382,0.39389676,0.25788748,0
3,19.1,9.141019,0.33496296,12.804207,-0.79175025,0.199929,0
3,19.2,9.1948185,0.68985397,12.613298,-1.9090855,0.12037997,0
3,19.3,9.280512,0.9466402,12.457238,-1.560603,0.023163898,0
3,19.4,9.373541,0.87667656,12.455822,-0.014161766,-0.086215906,0
3,19.5,9.449208,0.6535042,12.522765,0.6694326,-0.20139168,0
3,19.6,9.504014,0.48024562,12.535508,0.12743056,-0.3165638,0
3,19.7,9.549941,0.45520216,12.517344,-0.18163669,-0.42720982,0
3,19.8,9.596226,0.4701102,12.598502,0.8115684,-0.530086,0
3,19.9,9.644954,0.52112794,12.716452,1.1794962,-0.62218326,0
3,20,9.702803,0.6301683,12.764572,0.4812057,-0.7003863,0
3,20.1,9.766008,0.6108094,12.759369,-0.052032236,-0.7612962,0
3,20.2,9.817746,0.4192397,12.813146,0.5377681,-0.80269915,0
3,20.3,9.843901,0.13644262,12.938345,1.2519947,-0.8240803,0
3,20.4,9.846292,-0.03417034,13.05968,1.2133517,-0.82609427,0
3,20.5,9.8441105,0.019681746,13.09147,0.31789845,-0.81004184,0
3,20.6,9.8568735,0.21466342,13.053202,-0.38268104,-0.7774691,0
3,20.7,9.885359,0.30564025,13.107255,0.5405337,-0.7301984,0
3,20.8,9.909739,0.17293687,13.205015,0.9776028,-0.6709989,0
3,20.9,9.916721,-0.013858935,13.247409,0.4239375,-0.60363394,0
3,21,9.905137,-0.20701113,13.27001,0.2260024,-0.53190356,0
3,21.1,9.871207,-0.44546238,13.373053,1.0304272,-0.45924067,0
3,21.2,9.8179035,-0.5679688,13.492069,1.1901677,-0.3884329,0
3,21.3,9.765258,-0.46260893,13.503758,0.11689199,-0.32161087,0
3,21.4,9.731269,-0.23916465,13.457273,-0.46485934,-0.26089126,0
3,21.5,9.715158,-0.1288184,13.506239,0.48966464,-0.20840529,0
3,21.6,9.69533,-0.28576195,13.6381,1.3186088,-0.16651775,0
3,21.7,9.651173,-0.5570173,13.7710085,1.3290894,-0.13684903,0
3,21.8,9.585601,-0.7027434,13.759835,-0.11173255,-0.11987372,0
3,21.9,9.517427,-0.6401973,13.650196,-1.0963926,-0.115311965,0
3,22,9.463333,-0.44588828,13.544538,-1.0565863,-0.122422114,0
3,22.1,9.433464,-0.17186676,13.430554,-1.1398326,-0.1403142,0
3,22.2,9.432178,0.097494185,13.309447,-1.2110723,-0.16792001,0
3,22.3,9.449298,0.21345115,13.161153,-1.4829363,-0.2035818,0
3,22.4,9.473015,0.24294162,12.988993,-1.7216032,-0.24495262,0
3,22.5,9.496629,0.23341785,12.839516,-1.4947715,-0.28963462,0
3,22.6,9.521638,0.2701257,12.736166,-1.0334979,-0.3355729,0
3,22.7,9.5543585,0.3816249,12.697029,-0.39136925,-0.3811068,0
3,22.8,9.602654,0.58610964,12.646563,-0.504666,-0.42470583,0
3,22.9,9.676137,0.8315566,12.548244,-0.9831821,-0.46476582,0
3,23,9.76105,0.8193719,12.529397,-0.18847486,-0.49943858,0
3,23.1,9.831946,0.6049926,12.603076,0.73679024,-0.5271873,0
3,23.2,9.878295,0.35869756,12.692063,0.8898741,-0.5472466,0
3,23.3,9.90685,0.25952402,12.744913,0.52849805,-0.5594072,0
3,23.4,9.935888,0.32113913,12.773213,0.28300294,-0.5638565,0
3,23.5,9.971659,0.38247892,12.873353,1.001397,-0.5609059,0
3,23.6,10.01244,0.42545602,12.980002,1.0664948,-0.5509383,0
3,23.7,10.056238,0.45134205,12.922833,-0.57169,-0.5346501,0
3,23.8,10.104044,0.4899851,12.742139,-1.8069476,-0.5132421,0
3,23.9,10.150073,0.41622952,12.657305,-0.8483418,-0.48813146,0
3,24,10.185587,0.31200132,12.714596,0.5729107,-0.46060362,0
3,24.1,10.215034,0.30121735,12.815323,1.0072718,-0.43174705,0
3,24.2,10.249452,0.37619346,12.902421,0.87098193,-0.40257984,0
3,24.3,10.289659,0.40998265,13.019316,1.1689482,-0.3742403,0
3,24.4,10.326981,0.3407618,13.058468,0.3915219,-0.34809932,0
3,24.5,10.356709,0.2505825,13.007712,-0.5075553,-0.32546297,0
3,24.6,10.371266,0.044835586,13.045754,0.3804208,-0.3071535,0
3,24.7,10.362069,-0.19169089,13.150865,1.0511026,-0.293639,0
3,24.8,10.3369,-0.2586474,13.217755,0.668908,-0.28503436,0
3,24.9,10.319808,-0.06932992,13.145584,-0.7217127,-0.28124562,0
3,25,10.330254,0.24396858,13.007423,-1.3816082,-0.28216493,0
3,25.1,10.366814,0.42317927,12.984959,-0.22464769,-0.2876178,0
3,25.2,10.404946,0.3131502,13.067116,0.8215721,-0.29720968,0
3,25.3,10.423652,0.09486926,13.144878,0.7776268,-0.3102072,0
3,25.4,10.426039,-0.017383069,13.0992565,-0.45621914,-0.32570755,0
3,25.5,10.423811,-0.016459558,13.051712,-0.47544512,-0.3429173,0
3,25.6,10.4243765,0.027478697,13.097796,0.46084455,-0.36114353,0
3,25.7,10.432402,0.1479386,13.139326,0.41529694,-0.37970728,0
3,25.8,10.459241,0.36731374,13.078023,-0.6130319,-0.39789933,0
3,25.9,10.496322,0.35644242,13.063455,-0.14568338,-0.41478354,0
3,26,10.519616,0.12980135,13.155679,0.92224205,-0.42957208,0
3,26.1,10.516339,-0.14141493,13.271333,1.156541,-0.44170812,0
3,26.2,10.496824,-0.21748102,13.281433,0.10100379,-0.45088926,0
3,26.3,10.475271,-0.21236378,13.210609,-0.7082373,-0.4569759,0
3,26.4,10.451694,-0.26689452,13.1995535,-0.11055942,-0.45993268,0
3,26.5,10.418306,-0.3820077,13.246586,0.47032392,-0.45954287,0
3,26.6,10.37622,-0.48693505,13.256381,0.097951934,-0.45749155,0
3,26.7,10.315846,-0.66509026,13.232525,-0.23856169,-0.45251802,0
3,26.8,10.250101,-0.6266982,13.241975,0.094499625,-0.44515198,0
3,26.9,10.191826,-0.49527097,13.2835,0.4152397,-0.43685427,0
3,27,10.152312,-0.2779479,13.3033285,0.19828808,-0.42620137,0
3,27.1,10.135217,-0.024364717,13.327598,0.24269117,-0.4149051,0
3,27.2,10.141319,0.12982208,13.393702,0.66104776,-0.40316162,0
3,27.3,10.149934,0.10383986,13.4411125,0.4741047,-0.390389,0
3,27.4,10.15412,0.008075985,13.391592,-0.49521044,-0.37868538,0
3,27.5,10.149049,-0.10658658,13.310996,-0.80594623,-0.36737317,0
3,27.6,10.13421,-0.2538745,13.26768,-0.43315536,-0.35785815,0
3,27.7,10.103781,-0.34408432,13.311132,0.43449974,-0.35029334,0
3,27.8,10.0733385,-0.27191138,13.363726,0.52593994,-0.34492624,0
3,27.9,10.058625,-0.108845964,13.416763,0.5303627,-0.34133232,0
3,28,10.056163,-0.007400457,13.521611,1.0484738,-0.34039274,0
3,28.1,10.051438,-0.12482004,13.633389,1.1177841,-0.34098935,0
3,28.2,10.034913,-0.21882273,13.58395,-0.4943973,-0.34415329,0
3,28.3,10.005433,-0.3139901,13.480268,-1.0368265,-0.34897897,0
3,28.4,9.963553,-0.49714538,13.472816,-0.07449923,-0.35530648,0
3,28.5,9.90606,-0.5951492,13.524216,0.51399606,-0.36273423,0
3,28.6,9.855142,-0.42422536,13.443195,-0.81020266,-0.3709374,0
3,28.7,9.819988,-0.29616094,13.272628,-1.70567,-0.37947613,0
3,28.8,9.792762,-0.27824545,13.211784,-0.6084314,-0.38797382,0
3,28.9,9.759152,-0.39818007,13.288901,0.77118194,-0.3961292,0
3,29,9.710356,-0.5453637,13.393473,1.0457143,-0.40364358,0
3,29.1,9.654181,-0.5415029,13.36124,-0.32232752,-0.41021588,0
3,29.2,9.614542,-0.26835322,13.254993,-1.0624686,-0.41599068,0
3,29.3,9.602216,-0.017778879,13.219721,-0.35272568,-0.42060786,0
3,29.4,9.609759,0.14500874,13.248672,0.2895161,-0.42409134,0
3,29.5,9.63123,0.2780456,13.119978,-1.2869413,-0.42638558,0
3,29.6,9.6678505,0.4329967,12.855417,-2.6456075,-0.42728502,0
3,29.7,9.714292,0.4602979,12.6753235,-1.8009381,-0.42692116,0
3,29.8,9.752977,0.31516284,12.67679,0.014661784,-0.42549032,0
3,29.9,9.777117,0.20084718,12.768184,0.9139113,-0.4230405,0
3,30,9.797903,0.22544813,12.860732,0.92547554,-0.41957808,0
3,30.1,9.827578,0.3690803,12.907465,0.4673221,-0.4153587,0
3,30.2,9.875308,0.54414284,12.911653,0.041869365,-0.4104573,0
3,30.3,9.928992,0.49384508,12.961289,0.49636674,-0.40531322,0
3,30.4,9.966633,0.2837707,13.060185,0.9889623,-0.40011024,0
3,30.5,9.983543,0.08720219,13.1036005,0.43415564,-0.39524788,0
3,30.6,9.983257,-0.065259844,13.112766,0.09165583,-0.39083108,0
3,30.7,9.974934,-0.062012535,13.087159,-0.25606123,-0.38701528,0
3,30.8,9.978472,0.1270302,13.016068,-0.710905,-0.38390997,0
3,30.9,10.003996,0.34858382,12.985752,-0.30315998,-0.3815745,0
3,31,10.046622,0.45998958,13.054598,0.68845445,-0.37995842,0
3,31.1,10.089083,0.37781394,13.136317,0.81719613,-0.37924215,0
3,31.2,10.12047,0.25921896,13.143543,0.07225905,-0.37934837,0
3,31.3,10.140196,0.15209912,13.106227,-0.37316802,-0.3801415,0
3,31.4,10.155902,0.16438833,13.052162,-0.54064596,-0.38164273,0
3,31.5,10.172529,0.15319043,13.022721,-0.29440677,-0.38365883,0
3,31.6,10.181697,0.026651766,13.108725,0.8600263,-0.3860116,0
3,31.7,10.175131,-0.123889305,13.218833,1.1010805,-0.38858992,0
3,31.8,10.161606,-0.123161085,13.17777,-0.41062897,-0.3913115,0
3,31.9,10.140977,-0.22927386,13.065044,-1.1272607,-0.3938084,0
3,32,10.120245,-0.18526523,13.065669,0.006252569,-0.39615548,0
3,32.1,10.105248,-0.123533204,13.182295,1.1662501,-0.3989541,0
3,32.2,10.097792,-0.013751237,13.316289,1.3399451,-0.40277028,0
3,32.3,10.108623,0.21605186,13.307957,-0.08332963,-0.40745082,0
3,32.4,10.137507,0.32528654,13.201696,-1.0625999,-0.4112669,0
3,32.5,10.164217,0.19165786,13.196812,-0.048850868,-0.41373283,0
3,32.6,10.167613,-0.11086572,13.303873,1.0706168,-0.41508883,0
3,32.7,10.137884,-0.42804748,13.43315,1.2927678,-0.41571224,0
3,32.8,10.087854,-0.50729984,13.468192,0.3504203,-0.4155755,0
3,32.9,10.04669,-0.31101447,13.39897,-0.6922103,-0.4147801,0
3,33,10.031515,-0.028842948,13.335274,-0.63695675,-0.41257071,0
3,33.1,10.039974,0.14841992,13.3667555,0.3148395,-0.40999654,0
3,33.2,10.053426,0.097275406,13.414746,0.479924,-0.4075604,0
3,33.3,10.055613,-0.03247285,13.403596,-0.11150586,-0.40467998,0
3,33.4,10.046988,-0.12326539,13.298085,-1.055109,-0.40156674,0
3,33.5,10.030969,-0.18852034,13.175247,-1.2283881,-0.39845824,0
3,33.6,10.009723,-0.22171585,13.164309,-0.109385826,-0.3954893,0
3,33.7,9.990042,-0.18248363,13.19727,0.3296111,-0.3927613,0
3,33.8,9.974265,-0.11044978,13.085116,-1.1215456,-0.39039052,0
3,33.9,9.973309,0.072547585,12.861949,-2.2316818,-0.38846567,0
3,34,9.986625,0.15462361,12.739789,-1.2216058,-0.38705197,0
3,34.1,9.998544,0.071666315,12.782749,0.42960188,-0.38620993,0
3,34.2,9.998288,-0.02893441,12.872536,0.8978604,-0.38594252,0
3,34.3,10.003436,0.1328009,12.880866,0.08330195,-0.38619116,0
3,34.4,10.029796,0.37626615,12.854536,-0.2633024,-0.3869174,0
3,34.5,10.08027,0.57509005,12.848897,-0.05638912,-0.3881115,0
3,34.6,10.135632,0.5079221,12.921553,0.7265578,-0.38972217,0
3,34.7,10.17746,0.3511646,12.969677,0.48123488,-0.3916677,0
3,34.8,10.204367,0.19837295,12.971722,0.02044809,-0.3938166,0
3,34.9,10.21235,-0.01549284,13.044064,0.723419,-0.3960666,0
3,35,10.201238,-0.15138078,13.159224,1.1516057,-0.39833716,0
3,35.1,10.187544,-0.10907413,13.236861,0.77637345,-0.40053022,0
3,35.2,10.183267,0.018295025,13.302686,0.6582531,-0.402587,0
3,35.3,10.191874,0.1157227,13.388705,0.86019737,-0.4044135,0
3,35.4,10.196137,-0.037646398,13.54633,1.5762517,-0.40591428,0
3,35.5,10.175662,-0.33259606,13.73418,1.8784953,-0.40702444,0
3,35.6,10.125982,-0.61454624,13.8684435,1.3426341,-0.40770638,0
3,35.7,10.054934,-0.774623,13.890093,0.2164911,-0.40796334,0
3,35.8,9.976307,-0.7808256,13.879438,-0.10653836,-0.40779102,0
3,35.9,9.901207,-0.7164395,13.940974,0.6153525,-0.40724677,0
3,36,9.831429,-0.6849419,14.06143,1.2045575,-0.4063487,0
3,36.1,9.758711,-0.7665579,14.136267,0.7483649,-0.405122,0
3,36.2,9.679254,-0.84026265,14.10299,-0.33276448,-0.40362194,0
3,36.3,9.588618,-0.96603227,14.108828,0.058380086,-0.40190336,0
3,36.4,9.489656,-0.95637184,14.094572,-0.14255962,-0.4000519,0
3,36.5,9.405509,-0.72111166,13.991441,-1.0313134,-0.39814457,0
3,36.6,9.346135,-0.5267412,13.954729,-0.3671215,-0.3962027,0
3,36.7,9.293396,-0.55699664,13.982535,0.2780641,-0.3943043,0
3,36.8,9.237166,-0.54969794,13.871963,-1.105728,-0.3925251,0
3,36.9,9.188703,-0.4017441,13.616276,-2.556868,-0.39092705,0
3,37,9.160812,-0.1867507,13.3759365,-2.4033914,-0.38953367,0
3,37.1,9.14667,-0.13705957,13.3012495,-0.74686617,-0.38838297,0
3,37.2,9.131184,-0.17257008,13.312405,0.11154191,-0.38748294,0
3,37.3,9.120279,-0.036020923,13.151642,-1.6076219,-0.3868323,0
3,37.4,9.129683,0.15818578,12.873221,-2.784207,-0.38641632,0
3,37.5,9.146439,0.19807313,12.688868,-1.8435341,-0.38621712,0
3,37.6,9.171351,0.287468,12.692956,0.040882647,-0.38623458,0
3,37.7,9.206868,0.42343682,12.766897,0.7394072,-0.38645425,0
3,37.8,9.261296,0.6232131,12.7795,0.12602763,-0.3868208,0
3,37.9,9.325249,0.6130265,12.7966585,0.17158383,-0.38729677,0
3,38,9.375718,0.40081492,12.882049,0.8539046,-0.38786095,0
3,38.1,9.399501,0.09813432,13.004105,1.2205566,-0.38849542,0
3,38.2,9.392908,-0.1683537,13.098731,0.9462679,-0.38918206,0
3,38.3,9.374475,-0.14738184,13.049749,-0.48981562,-0.38990763,0
3,38.4,9.373753,0.12049027,12.924812,-1.2493771,-0.39063692,0
3,38.5,9.403697,0.44372123,12.835726,-0.8908589,-0.3913723,0
3,38.6,9.464323,0.7084737,12.795169,-0.4055687,-0.3920755,0
3,38.7,9.5390415,0.7593581,12.756467,-0.38702074,-0.39269602,0
3,38.8,9.612447,0.6940469,12.696286,-0.60180974,-0.3932035,0
3,38.9,9.672857,0.5330676,12.676276,-0.20009984,-0.39353985,0
3,39,9.719683,0.44169304,12.59466,-0.8161593,-0.39372545,0
3,39.1,9.767612,0.5306203,12.4764185,-1.182412,-0.3937522,0
3,39.2,9.827146,0.605861,12.488704,0.12284477,-0.3936396,0
3,39.3,9.880758,0.47562525,12.595306,1.0660259,-0.39339647,0
3,39.4,9.921219,0.35613987,12.691068,0.9576211,-0.39303875,0
3,39.5,9.95346,0.30799145,12.715547,0.24478187,-0.39256588,0
3,39.6,9.983858,0.29115424,12.708769,-0.06777882,-0.3920245,0
3,39.7,10.007561,0.1977836,12.806618,0.9784964,-0.39145824,0
3,39.8,10.029249,0.25797084,12.928762,1.2214476,-0.39090616,0
3,39.9,10.06601,0.45058066,12.919903,-0.088597596,-0.39038008,0
3,40,10.1153555,0.4920188,12.894756,-0.25146756,-0.38989827,0
3,40.1,10.156938,0.33583868,12.95663,0.61873835,-0.3895296,0
3,40.2,10.178415,0.120294355,13.0355835,0.7895339,-0.3892835,0
3,40.3,10.17969,-0.06683365,13.095382,0.59797746,-0.389218,0
3,40.4,10.166656,-0.16865018,13.190556,0.95174485,-0.3892486,0
3,40.5,10.149858,-0.14282103,13.298102,1.0754665,-0.3893941,0
3,40.6,10.145795,0.07176067,13.290067,-0.0803588,-0.38962442,0
3,40.7,10.170559,0.37008116,13.1871805,-1.0288591,-0.38989702,0
3,40.8,10.210901,0.38476154,13.187477,0.002961076,-0.39024988,0
3,40.9,10.23833,0.16886152,13.307978,1.2050146,-0.3903418,0
3,41,10.237985,-0.1363418,13.476532,1.6855433,-0.39033785,0
3,41.1,10.207371,-0.41744366,13.606863,1.3033069,-0.3902317,0
3,41.2,10.154788,-0.57706535,13.635453,0.2859133,-0.38986865,0
3,41.3,10.097468,-0.5412806,13.5942135,-0.41240132,-0.38946286,0
3,41.4,10.052329,-0.3816742,13.570847,-0.23366854,-0.38909948,0
3,41.5,10.021197,-0.27786532,13.653339,0.82493067,-0.38850218,0
3,41.6,9.994827,-0.28184447,13.790805,1.3746477,-0.3880044,0
3,41.7,9.960881,-0.39069498,13.870469,0.7966392,-0.3875973,0
3,41.8,9.916889,-0.470424,13.8452835,-0.2518536,-0.38716143,0
3,41.9,9.863689,-0.5494799,13.8346815,-0.106030695,-0.3868181,0
3,42,9.806851,-0.5560117,13.827161,-0.07520211,-0.38655517,0
3,42.1,9.756216,-0.44645634,13.706252,-1.2090923,-0.38624367,0
3,42.2,9.72178,-0.25825906,13.507272,-1.9898034,-0.38602555,0
3,42.3,9.703955,-0.12839368,13.36668,-1.4059151,-0.38587818,0
3,42.4,9.689143,-0.24276578,13.372285,0.05604502,-0.3858129,0
3,42.5,9.645924,-0.55889714,13.41879,0.46505758,-0.38536417,0
3,42.6,9.59222,-0.50404173,13.292985,-1.2580477,-0.38514096,0
3,42.7,9.564762,-0.12554681,13.042655,-2.5032992,-0.38656828,0
3,42.8,9.575534,0.2645887,12.882529,-1.6012475,-0.38622114,0
3,42.9,9.617241,0.52311474,12.903904,0.21374711,-0.3882418,0
3,43,9.677454,0.6617553,13.017957,1.1405338,-0.39023906,0
3,43.1,9.738814,0.59299135,13.120557,1.0260012,-0.39091387,0
3,43.2,9.787497,0.4240561,13.180305,0.5974789,-0.39498556,0
3,43.3,9.815097,0.17736503,13.260833,0.80518615,-0.40110996,0
3,43.4,9.812919,-0.13243859,13.38309,1.2225674,-0.40803468,0
3,43.5,9.784556,-0.34640768,13.43146,0.4837638,-0.41719508,0
3,43.6,9.747798,-0.34392473,13.41233,-0.19144362,-0.4276432,0
3,43.7,9.718608,-0.25112522,13.476627,0.6427749,-0.43468922,0
3,43.8,9.7003145,-0.18170978,13.602212,1.2554352,-0.44153005,0
3,43.9,9.681098,-0.24554305,13.674243,0.7202293,-0.4469326,0
3,44,9.654148,-0.29895908,13.611909,-0.6229246,-0.45223483,0
3,44.1,9.620464,-0.37008145,13.517331,-0.9451334,-0.45666775,0
3,44.2,9.577831,-0.46960437,13.461284,-0.5596687,-0.45995075,0
3,44.3,9.530253,-0.4381955,13.418426,-0.42807683,-0.4617856,0
3,44.4,9.501132,-0.17268358,13.257676,-1.6072398,-0.46223837,0
3,44.5,9.497535,0.068275176,13.011847,-2.458242,-0.4624919,0
3,44.6,9.513243,0.19699056,12.877787,-1.340839,-0.46149716,0
3,44.7,9.531486,0.14731121,12.921385,0.43572104,-0.4601305,0
3,44.8,9.540048,0.046997823,13.015619,0.9420882,-0.45830604,0
3,44.9,9.548833,0.17156743,12.911926,-1.0372038,-0.45637488,0
3,45,9.589134,0.60254925,12.67596,-2.3599472,-0.45432365,0
3,45.1,9.6707735,0.95057845,12.525941,-1.500793,-0.45193985,0
3,45.2,9.767649,0.9429092,12.559394,0.33412078,-0.44984356,0
3,45.3,9.850851,0.75804913,12.66597,1.065344,-0.44708797,0
3,45.4,9.916093,0.6177087,12.688737,0.22747546,-0.4444744,0
3,45.5,9.9741535,0.57537526,12.6000805,-0.88661635,-0.4423589,0
3,45.6,10.029656,0.54863226,12.5168915,-0.83183634,-0.43993056,0
3,45.7,10.08701,0.6070398,12.4737015,-0.4317831,-0.43842608,0
3,45.8,10.15512,0.73908794,12.498871,0.25184587,-0.43758366,0
3,45.9,10.23571,0.839592,12.582445,0.8359168,-0.43726486,0
3,46,10.31823,0.7917504,12.6548395,0.72395444,-0.43746543,0
3,46.1,10.393497,0.6939971,12.676819,0.21987933,-0.43852323,0
3,46.2,10.457352,0.55329955,12.704541,0.27725145,-0.43976897,0
3,46.3,10.5000725,0.30617562,12.841269,1.3672316,-0.44132736,0
3,46.4,10.516441,0.062323425,13.024129,1.8286227,-0.4428047,0
3,46.5,10.517485,0.003423519,13.158374,1.3424526,-0.44399115,0
3,46.6,10.522909,0.102037005,13.252529,0.9415426,-0.44477752,0
3,46.7,10.536072,0.13325886,13.424816,1.7228535,-0.44498134,0
3,46.8,10.541439,-0.020518875,13.613402,1.885837,-0.44446042,0
3,46.9,10.52927,-0.20287102,13.725927,1.1252197,-0.44313288,0
3,47,10.498787,-0.4023205,13.816318,0.9038608,-0.44096473,0
3,47.1,10.449972,-0.5561565,13.961451,1.4512844,-0.4379507,0
3,47.2,10.387496,-0.666805,14.080937,1.1948179,-0.43417454,0
3,47.3,10.320768,-0.6533035,14.076849,-0.04093564,-0.42977324,0
3,47.4,10.259538,-0.58395267,14.017795,-0.59059316,-0.42485338,0
3,47.5,10.205232,-0.5049408,13.949341,-0.6845952,-0.41952744,0
3,47.6,10.150235,-0.6157649,13.810615,-1.3873016,-0.41400352,0
3,47.7,10.086182,-0.6382736,13.610915,-1.9970455,-0.40847316,0
3,47.8,10.029512,-0.49214453,13.431203,-1.7971624,-0.40303966,0
3,47.9,9.993154,-0.25536966,13.351991,-0.7921518,-0.3977601,0
3,48,9.983599,0.04802533,13.3066435,-0.45350564,-0.39271322,0
3,48.1,10.006468,0.34470445,13.263176,-0.43469357,-0.38800237,0
3,48.2,10.044186,0.35472965,13.297846,0.34667405,-0.38375995,0
3,48.3,10.070647,0.19103359,13.370018,0.7217135,-0.38012648,0
3,48.4,10.083707,0.10382616,13.310409,-0.59610635,-0.3772207,0
3,48.5,10.094289,0.10279639,13.14355,-1.6685994,-0.37509736,0
3,48.6,10.10124,0.023828734,13.077087,-0.66463244,-0.3737731,0
3,48.7,10.098271,-0.06368522,13.167755,0.9066747,-0.3732309,0
3,48.8,10.092638,-0.01978883,13.300285,1.3252937,-0.37341034,0
3,48.9,10.101106,0.16400711,13.331368,0.3108317,-0.3742429,0
3,49,10.121504,0.19757922,13.326878,-0.044905573,-0.37564284,0
3,49.1,10.135188,0.08310902,13.346565,0.1968741,-0.37750712,0
3,49.2,10.137574,-0.02050467,13.305274,-0.41291332,-0.37974307,0
3,49.3,10.130712,-0.1199343,13.241065,-0.6420896,-0.3822293,0
3,49.4,10.110588,-0.27802402,13.2587805,0.17715713,-0.38484633,0
3,49.5,10.076759,-0.35484356,13.343794,0.8501335,-0.3874901,0
3,49.6,10.045872,-0.28126374,13.417899,0.74106145,-0.39006308,0
3,49.7,10.014396,-0.34894606,13.508382,0.9048276,-0.39246735,0
3,49.8,9.975969,-0.40976202,13.59209,0.8370722,-0.39459154,0
3,49.9,9.932216,-0.46611395,13.671396,0.7930694,-0.396391,0
3,50,9.881217,-0.5455562,13.774163,1.0276726,-0.39783978,0
3,50.1,9.824322,-0.56120414,13.825451,0.5128738,-0.398894,0
3,50.2,9.776755,-0.42086795,13.752368,-0.73083574,-0.3995571,0
3,50.3,9.739631,-0.3408622,13.627103,-1.2526469,-0.3998362,0
3,50.4,9.706448,-0.34448418,13.542164,-0.84938765,-0.39975753,0
3,50.5,9.668741,-0.38901895,13.507256,-0.34909058,-0.39935994,0
3,50.6,9.635833,-0.2529219,13.412125,-0.9513058,-0.39866674,0
3,50.7,9.625444,0.020821976,13.318747,-0.9337812,-0.39770266,0
3,50.8,9.63884,0.18618272,13.360173,0.4142646,-0.39651036,0
3,50.9,9.655322,0.13441393,13.459536,0.9936242,-0.39515018,0
3,51,9.667622,0.12207153,13.419382,-0.40153062,-0.39371112,0
3,51.1,9.680985,0.13894773,13.3112335,-1.081485,-0.39225975,0
3,51.2,9.693641,0.09589821,13.249059,-0.62174803,-0.39087582,0
3,51.3,9.698359,0.013971916,13.221723,-0.2733634,-0.38965243,0
3,51.4,9.699014,0.00319161,13.127118,-0.946052,-0.38862696,0
3,51.5,9.699981,0.013072213,13.04204,-0.8507811,-0.3878282,0
3,51.6,9.703118,0.056540426,13.05261,0.10570381,-0.38724902,0
3,51.7,9.7176895,0.24367358,13.056679,0.04068322,-0.38689175,0
3,51.8,9.760514,0.566023,12.948673,-1.0800493,-0.3867725,0
3,51.9,9.828827,0.74164474,12.825851,-1.2282152,-0.38686556,0
3,52,9.903043,0.71715,12.80198,-0.2387229,-0.38716668,0
3,52.1,9.969597,0.60851467,12.82338,0.21400675,-0.3876488,0
3,52.2,10.028408,0.5691161,12.877237,0.5385718,-0.3882929,0
3,52.3,10.083081,0.52927035,12.949128,0.71890575,-0.3890383,0
3,52.4,10.135844,0.5392961,12.971064,0.21936034,-0.38985384,0
3,52.5,10.193373,0.59489954,12.9473505,-0.2371343,-0.39071205,0
3,52.6,10.253048,0.57433826,12.999725,0.5237491,-0.3915678,0
3,52.7,10.292814,0.20781627,13.13289,1.331641,-0.39240316,0
3,52.8,10.294503,-0.10574049,13.211444,0.7855385,-0.39316052,0
3,52.9,10.275879,-0.2346744,13.175705,-0.3573865,-0.39383075,0
3,53,10.250618,-0.255332,13.198968,0.23263437,-0.39438787,0
3,53.1,10.226822,-0.21875274,13.346185,1.4721668,-0.39482912,0
3,53.2,10.209375,-0.1147253,13.521716,1.7553123,-0.39514542,0
3,53.3,10.208549,0.07149317,13.607271,0.855546,-0.39532003,0
3,53.4,10.218024,0.074633166,13.665327,0.5805633,-0.3953337,0
3,53.5,10.214159,-0.15505946,13.819107,1.5377971,-0.39519528,0
3,53.6,10.180823,-0.47194624,14.004172,1.8506563,-0.39493552,0
3,53.7,10.118714,-0.7232896,14.101521,0.97347796,-0.3945929,0
3,53.8,10.036461,-0.8989526,14.115308,0.13787374,-0.394188,0
3,53.9,9.938251,-1.0317606,14.113471,-0.018370034,-0.39374384,0
3,54,9.8339615,-1.0314502,14.128741,0.15270627,-0.39329317,0
3,54.1,9.736996,-0.8909643,14.177792,0.49050087,-0.3928504,0
3,54.2,9.656433,-0.769022,14.165939,-0.11852315,-0.39241406,0
3,54.3,9.583265,-0.70860875,14.137682,-0.2825704,-0.391975,0
3,54.4,9.51035,-0.7602191,14.221357,0.83675236,-0.39156464,0
3,54.5,9.428263,-0.8518789,14.345011,1.2365326,-0.39119095,0
3,54.6,9.344903,-0.7841517,14.309199,-0.35810813,-0.3908484,0
3,54.7,9.279929,-0.51787597,14.1345,-1.7470034,-0.3905591,0
3,54.8,9.238547,-0.3569155,13.982831,-1.516681,-0.39033505,0
3,54.9,9.205993,-0.31125814,13.871052,-1.1177939,-0.39019266,0
3,55,9.176039,-0.29153875,13.756437,-1.1461426,-0.39013186,0
3,55.1,9.147009,-0.30060992,13.659844,-0.9659344,-0.39013517,0
3,55.2,9.113997,-0.34959778,13.599361,-0.6048298,-0.39016172,0
3,55.3,9.079493,-0.3304937,13.469259,-1.3010188,-0.39021567,0
3,55.4,9.05229,-0.21285366,13.26549,-2.0376952,-0.39027327,0
3,55.5,9.043047,0.021288553,13.071063,-1.9442682,-0.39033625,0
3,55.6,9.059688,0.29665756,12.976511,-0.94551885,-0.39039838,0
3,55.7,9.104939,0.5570462,12.922764,-0.5374701,-0.39045247,0
3,55.8,9.168076,0.679478,12.847259,-0.75505257,-0.39046916,0
3,55.9,9.241335,0.768479,12.704878,-1.4238116,-0.39044178,0
3,56,9.319581,0.78431076,12.596499,-1.0837812,-0.39037913,0
3,56.1,9.392349,0.6718122,12.601079,0.045799628,-0.39028507,0
3,56.2,9.45377,0.6081874,12.616181,0.15102184,-0.3901843,0
3,56.3,9.519368,0.69085824,12.558603,-0.5757824,-0.39006773,0
3,56.4,9.59174,0.7508411,12.522884,-0.35718504,-0.38992774,0
3,56.5,9.66736,0.75524384,12.541959,0.1907422,-0.38979748,0
3,56.6,9.742214,0.7564735,12.56342,0.21460962,-0.38967648,0
3,56.7,9.82004,0.73147756,12.472963,-0.90456665,-0.38957414,0
3,56.8,9.88632,0.6285856,12.331327,-1.4163637,-0.38950807,0
3,56.9,9.94685,0.5988137,12.320144,-0.111837365,-0.38947198,0
3,57,10.008607,0.6491582,12.4266,1.0645758,-0.38947985,0
3,57.1,10.082226,0.8345158,12.502079,0.75477934,-0.3895179,0
3,57.2,10.1836405,1.1434692,12.450236,-0.5184206,-0.38955644,0
3,57.3,10.302237,1.1746329,12.466889,0.16652639,-0.38959467,0
3,57.4,10.40788,0.93761533,12.614767,1.4787817,-0.3896471,0
3,57.5,10.483528,0.6180981,12.789698,1.7493024,-0.3897298,0
3,57.6,10.530906,0.35777122,12.883606,0.93908405,-0.38985536,0
3,57.7,10.552248,0.10560103,12.9904,1.0679432,-0.38999495,0
3,57.8,10.55383,-0.022133898,13.119981,1.295805,-0.3901776,0
3,57.9,10.554842,0.072875105,13.199798,0.7981642,-0.3904062,0
3,58,10.574241,0.27220142,13.213104,0.13306993,-0.39066684,0
3,58.1,10.601316,0.22925141,13.281354,0.6824908,-0.39096442,0
3,58.2,10.611946,0.011141267,13.399624,1.1826999,-0.39127463,0
3,58.3,10.600603,-0.2174695,13.477683,0.7805916,-0.3915834,0
3,58.4,10.564548,-0.47274643,13.592163,1.144804,-0.39188176,0
3,58.5,10.509395,-0.56665814,13.688623,0.9646007,-0.3921526,0
3,58.6,10.460074,-0.4317069,13.673479,-0.15143745,-0.39239073,0
3,58.7,10.420332,-0.37342462,13.626089,-0.47390306,-0.39260587,0
3,58.8,10.382235,-0.4033503,13.666516,0.40427274,-0.3927709,0
3,58.9,10.33803,-0.46096,13.734076,0.6755938,-0.39289513,0
3,59,10.291458,-0.4540803,13.736333,0.022574233,-0.39295942,0
3,59.1,10.247641,-0.41175672,13.7256155,-0.10717889,-0.39295805,0
3,59.2,10.207726,-0.42118028,13.7683115,0.4269662,-0.39289933,0
3,59.3,10.159674,-0.518007,13.7961855,0.2787406,-0.39279032,0
3,59.4,10.107041,-0.5048303,13.674314,-1.2187233,-0.39262623,0
3,59.5,10.061938,-0.39584506,13.465869,-2.0844507,-0.39243516,0
3,59.6,10.029247,-0.27622128,13.367253,-0.9861513,-0.39221007,0
3,59.7,10.008988,-0.13016336,13.381972,0.14719145,-0.39195666,0
3,59.8,10.00846,0.10909312,13.329135,-0.52837807,-0.39169168,0
3,59.9,10.029267,0.2682259,13.195294,-1.3383992,-0.39138883,0
3,60,10.054964,0.21474257,13.173167,-0.22127463,-0.39105672,0
3,60.1,10.066456,0.03136793,13.24237,0.69202006,-0.39071077,0
3,60.2,10.060429,-0.12108264,13.266059,0.23689096,-0.39038497,0
3,60.3,10.041274,-0.24420774,13.279434,0.13375583,-0.39008346,0
3,60.4,10.010287,-0.35200948,13.401279,1.2184523,-0.38982123,0
3,60.5,9.974312,-0.34265783,13.547292,1.460124,-0.389609,0
3,60.6,9.950073,-0.1423411,13.528643,-0.1864882,-0.3894694,0
3,60.7,9.945882,0.026521662,13.381127,-1.4751538,-0.38939685,0
3,60.8,9.949021,0.005212171,13.322637,-0.58490735,-0.38939953,0
3,60.9,9.940062,-0.16978958,13.412608,0.8997168,-0.38950387,0
3,61,9.91525,-0.29861206,13.539235,1.2662646,-0.38969347,0
3,61.1,9.883608,-0.30339903,13.541189,0.019541979,-0.3899239,0
3,61.2,9.856737,-0.24183951,13.475836,-0.65353566,-0.39018822,0
3,61.3,9.83129,-0.29035577,13.520447,0.44611534,-0.39041227,0
3,61.4,9.794645,-0.47359055,13.636625,1.1617837,-0.39070052,0
3,61.5,9.728602,-0.74267143,13.685635,0.49009132,-0.39122114,0
3,61.6,9.658298,-0.6378991,13.609311,-0.76323843,-0.39088255,0
3,61.7,9.605809,-0.44958064,13.604233,-0.05077752,-0.382976,0
3,61.8,9.573565,-0.23331441,13.641167,0.36933815,-0.35185954,0
3,61.9,9.575445,0.12844126,13.510543,-1.3062434,-0.29328585,0
3,62,9.613948,0.39954025,13.253651,-2.5689168,-0.21385114,0
3,62.1,9.667606,0.4817516,13.045301,-2.0834959,-0.11908606,0
3,62.2,9.714916,0.33218223,13.013689,-0.31611437,-0.013645785,0
3,62.3,9.736651,0.076097794,13.069027,0.553678,0.09941306,0
3,62.4,9.7334585,-0.08058777,13.048918,-0.19893588,0.21881782,0
3,62.5,9.723134,-0.026984273,12.968623,-0.802074,0.33300313,0
3,62.6,9.725615,0.18721901,12.9001255,-0.680365,0.44195917,0
3,62.7,9.752711,0.50213814,12.822575,-0.7597337,0.55021626,0
3,62.8,9.810952,0.8075782,12.745092,-0.7506974,0.6550412,0
3,62.9,9.880313,0.7986111,12.771731,0.2948379,0.7527946,0
3,63,9.931187,0.5567211,12.891787,1.232206,0.8407221,0
3,63.1,9.950908,0.2716091,12.995739,1.0737159,0.91700196,0
3,63.2,9.946922,0.10199367,12.988357,-0.039285105,0.979624,0
3,63.3,9.932803,0.07469655,12.978809,-0.061545454,1.0297151,0
3,63.4,9.920057,0.10081798,13.033253,0.57747656,1.0688813,0
3,63.5,9.897628,-0.02507318,13.130173,1.0009804,1.0986905,0
3,63.6,9.862401,-0.115341716,13.191861,0.6461388,1.1212546,0
3,63.7,9.822271,-0.13784853,13.1873045,-0.01978348,1.1377171,0
3,63.8,9.778147,-0.18616298,13.211384,0.26352862,1.1509265,0
3,63.9,9.724995,-0.2779148,13.307235,0.9790397,1.1638647,0
3,64,9.669403,-0.22126889,13.435101,1.299353,1.1776377,0
3,64.1,9.624551,-0.069635786,13.471905,0.38260666,1.1949276,0
3,64.2,9.592774,0.017530331,13.401377,-0.6927833,1.217044,0
3,64.3,9.558992,-0.09178769,13.420049,0.19590789,1.2479292,0
3,64.4,9.505935,-0.31345493,13.510057,0.9065217,1.2883383,0
3,8,0.7774557,2.739992,10.737217,1.1455575,-3.503245,1
3,8.1,1.0425433,2.5639768,10.888214,1.5099746,-3.4990027,1
3,8.2,1.287367,2.367993,11.059163,1.7094836,-3.4952762,1
3,8.3,1.5186412,2.2810428,11.121142,0.6197895,-3.4921746,1
3,8.4,1.7446437,2.2222836,11.147102,0.25959954,-3.4897826,1
3,8.5,1.9614943,2.1299152,11.279255,1.3215241,-3.4881217,1
3,8.6,2.174232,2.147565,11.455566,1.763115,-3.487202,1
3,8.7,2.396233,2.3230777,11.552337,0.96771103,-3.4870355,1
3,8.8,2.6460183,2.6581795,11.5309515,-0.21385847,-3.4875126,1
3,8.9,2.9314933,3.0004401,11.524366,-0.06584597,-3.4886987,1
3,9,3.243466,3.1700275,11.641241,1.1687422,-3.491584,1
3,9.1,3.5534706,3.0304976,11.787516,1.4627455,-3.4988086,1
3,9.2,3.837321,2.769674,11.850662,0.63147396,-3.5108151,1
3,9.3,4.082363,2.398544,11.966799,1.1613668,-3.5248084,1
3,9.4,4.2962017,2.1004426,12.159821,1.9301422,-3.5370681,1
3,9.5,4.4974327,2.0170743,12.347458,1.8763888,-3.5477076,1
3,9.6,4.7057056,2.1324387,12.451838,1.0438826,-3.5567248,1
3,9.7,4.9291377,2.3061767,12.556727,1.0490255,-3.564383,1
3,9.8,5.16815,2.434634,12.738616,1.8189054,-3.5700252,1
3,9.9,5.4175973,2.5142198,12.926448,1.8782545,-3.5730076,1
3,10,5.661082,2.3593774,13.057051,1.3059564,-3.5733397,1
3,10.1,5.885185,2.1450098,13.232938,1.758798,-3.5712423,1
3,10.2,6.0852423,1.9003267,13.438382,2.0543766,-3.5670812,1
3,10.3,6.2627482,1.6838381,13.614776,1.7638705,-3.5612264,1
3,10.4,6.4209704,1.5013199,13.715823,1.0104238,-3.5325909,1
3,10.5,6.5690446,1.4349383,13.756345,0.40517098,-3.4483926,1
3,10.6,6.7004,1.1606525,13.803162,0.4681234,-3.293548,1
3,10.7,6.798899,0.80314285,13.809446,0.06282035,-3.064023,1
3,10.8,6.8632565,0.44588947,13.753986,-0.5546179,-2.7621896,1
3,10.9,6.889948,0.03771712,13.74123,-0.12758057,-2.3968313,1
3,11,6.875476,-0.34460664,13.723636,-0.17595108,-1.9809448,1
3,11.1,6.8328543,-0.52132136,13.545171,-1.784649,-1.5291378,1
3,11.2,6.7820816,-0.5357746,13.264478,-2.8069236,-1.0574783,1
3,11.3,6.727894,-0.5847863,13.080616,-1.8386129,-0.5818926,1
3,11.4,6.6632185,-0.6877155,13.007818,-0.72796726,-0.11783477,1
3,11.5,6.5935326,-0.655386,12.851152,-1.5666429,0.31908208,1
3,11.6,6.5363364,-0.44963622,12.5506,-3.0055141,0.7132432,1
3,11.7,6.502478,-0.19620934,12.204319,-3.4627979,1.0525476,1
3,11.8,6.4868155,-0.09648721,11.994271,-2.1004624,1.3291702,1
3,11.9,6.4695644,-0.18379682,11.942842,-0.5142809,1.53851,1
3,12,6.4418745,-0.2808983,11.865265,-0.7757581,1.6781758,1
3,12.1,6.4126906,-0.23654717,11.63984,-2.2542386,1.7485439,1
3,12.2,6.3998113,-0.05071567,11.383524,-2.5631618,1.7535073,1
3,12.3,6.398145,-0.03571036,11.278313,-1.0521029,1.6993287,1
3,12.4,6.389262,-0.1441335,11.285603,0.072898984,1.593255,1
3,12.5,6.3761106,-0.13255446,11.16787,-1.17733,1.4424722,1
3,12.6,6.368193,-0.11116711,10.994405,-1.7346574,1.2541094,1
3,12.7,6.338852,-0.42690274,10.942721,-0.51683444,1.041731,1
3,12.8,6.2916784,-0.50261915,11.012049,0.6932734,0.81155676,1
3,12.9,6.2491164,-0.3457636,11.040986,0.28936386,0.56800854,1
3,13,6.238045,0.090519466,10.88914,-1.5184686,0.31616768,1
3,13.1,6.2784686,0.6558407,10.669068,-2.200727,0.06320753,1
3,13.2,6.3708487,1.1228093,10.5834675,-0.8560171,-0.18178208,1
3,13.3,6.4999695,1.4289323,10.614446,0.30977395,-0.40949818,1
3,13.4,6.648557,1.541822,10.562614,-0.51832,-0.60984236,1
3,13.5,6.8003235,1.4975613,10.46495,-0.97665536,-0.77659935,1
3,13.6,6.935718,1.2246813,10.501755,0.36804518,-0.90836006,1
3,13.7,7.035109,0.806248,10.638496,1.3674108,-1.0052093,1
3,13.8,7.0911407,0.3846681,10.75647,1.179728,-1.069337,1
3,13.9,7.112297,0.109640285,10.756498,0.000281108,-1.104206,1
3,14,7.1195965,0.07666633,10.699562,-0.5693675,-1.1121684,1
3,14.1,7.1324077,0.17341524,10.726797,0.27234578,-1.0931021,1
3,14.2,7.141222,0.02039766,10.819794,0.92996186,-1.0462644,1
3,14.3,7.1395855,-0.029330961,10.802333,-0.17461276,-0.9735256,1
3,14.4,7.1397853,0.00738898,10.701181,-1.0115197,-0.8791029,1
3,14.5,7.1381993,-0.07218464,10.717586,0.16404632,-0.76751363,1
3,14.6,7.122276,-0.24418837,10.8287945,1.1120847,-0.64247227,1
3,14.7,7.103396,-0.09816433,10.901035,0.722413,-0.5070259,1
3,14.8,7.113433,0.270063,10.816937,-0.8409848,-0.364777,1
3,14.9,7.163255,0.67506164,10.710022,-1.069152,-0.21993954,1
3,15,7.2475977,0.95898104,10.731166,0.2114329,-0.075201705,1
3,15.1,7.353517,1.1324942,10.814665,0.8349929,0.06536756,1
3,15.2,7.47166,1.2005666,10.776271,-0.38393775,0.1929928,1
3,15.3,7.5882387,1.1302819,10.732671,-0.43600878,0.29787067,1
3,15.4,7.691505,0.94246477,10.744699,0.120279014,0.3743374,1
3,15.5,7.77095,0.6886774,10.794752,0.5005376,0.42084554,1
3,15.6,7.8300047,0.5412446,10.721668,-0.7308384,0.4367235,1
3,15.7,7.8825603,0.5229428,10.541845,-1.79823,0.422878,1
3,15.8,7.9359174,0.53709936,10.47651,-0.65335274,0.38276932,1
3,15.9,7.9922366,0.5823868,10.547118,0.70608217,0.3211886,1
3,16,8.05661,0.69963175,10.633096,0.85977614,0.24167228,1
3,16.1,8.138766,0.9316754,10.647665,0.14569287,0.14613077,1
3,16.2,8.239064,1.0033315,10.591834,-0.55831015,0.03827774,1
3,16.3,8.339412,0.98110765,10.557275,-0.34559307,-0.07454264,1
3,16.4,8.430527,0.8330702,10.653078,0.9580331,-0.18658158,1
3,16.5,8.50256,0.6372574,10.797745,1.4466676,-0.29453292,1
3,16.6,8.556893,0.47168812,10.911352,1.1360745,-0.39684102,1
3,16.7,8.6004505,0.43586043,11.036063,1.247111,-0.49223006,1
3,16.8,8.643964,0.45163628,11.131511,0.9544758,-0.57764846,1
3,16.9,8.693469,0.5233238,11.125407,-0.061035585,-0.6479085,1
3,17,8.744794,0.48073733,11.094282,-0.3112511,-0.6986583,1
3,17.1,8.782654,0.27221283,11.162748,0.6846621,-0.72780985,1
3,17.2,8.793202,-0.027472295,11.321908,1.5915974,-0.7355594,1
3,17.3,8.778068,-0.21174507,11.4791565,1.5724858,-0.7247573,1
3,17.4,8.758426,-0.15844578,11.53191,0.52753484,-0.69888604,1
3,17.5,8.752204,0.0173695,11.528068,-0.038423352,-0.6589482,1
3,17.6,8.764223,0.18541408,11.561285,0.33217466,-0.60382456,1
3,17.7,8.788165,0.25774312,11.655249,0.9396371,-0.5329062,1
3,17.8,8.811099,0.17858812,11.716401,0.6115157,-0.44877052,1
3,17.9,8.820482,0.015422267,11.757627,0.41225487,-0.35722008,1
3,18,8.810804,-0.19149497,11.80462,0.46993327,-0.26406035,1
3,18.1,8.777999,-0.4476071,11.889046,0.84426033,-0.1735134,1
3,18.2,8.721067,-0.62461734,11.961919,0.7287321,-0.088684455,1
3,18.3,8.6566105,-0.65928423,11.939385,-0.22533388,-0.011449627,1
3,18.4,8.587367,-0.73514414,11.955946,0.16560628,0.056841616,1
3,18.5,8.507611,-0.8358448,11.996654,0.40707684,0.11606608,1
3,18.6,8.421332,-0.8734142,11.973876,-0.2277751,0.16634732,1
3,18.7,8.328493,-1.0228394,11.951122,-0.22753686,0.20703718,1
3,18.8,8.21891,-1.1209055,11.998582,0.47459686,0.23775178,1
3,18.9,8.110124,-1.0353521,12.036993,0.38411236,0.2595527,1
3,19,8.0169735,-0.84243816,12.051841,0.14847827,0.27283943,1
3,19.1,7.945305,-0.60042113,12.058221,0.063791916,0.27772412,1
3,19.2,7.903545,-0.2493717,11.975732,-0.8248902,0.27490443,1
3,19.3,7.9004073,0.12418706,11.826092,-1.4963919,0.26513776,1
3,19.4,7.9219036,0.24021031,11.703684,-1.2240796,0.24898307,1
3,19.5,7.9389052,0.083415195,11.711955,0.08271289,0.22719654,1
3,19.6,7.932998,-0.1625383,11.753579,0.41623208,0.19980152,1
3,19.7,7.910096,-0.26367518,11.628599,-1.2498002,0.16554302,1
3,19.8,7.883432,-0.260378,11.421562,-2.0703614,0.123826474,1
3,19.9,7.8607817,-0.19409004,11.301085,-1.2047678,0.07666137,1
3,20,7.846393,-0.09352294,11.314494,0.13408713,0.027347934,1
3,20.1,7.8461657,0.09628924,11.325429,0.10934861,-0.02242175,1
3,20.2,7.8702645,0.2983625,11.250207,-0.75222063,-0.07233822,1
3,20.3,7.8999553,0.27936667,11.200442,-0.49764666,-0.12045535,1
3,20.4,7.922809,0.19591594,11.216045,0.15603095,-0.16423973,1
3,20.5,7.943008,0.23490883,11.109245,-1.0680016,-0.20203285,1
3,20.6,7.974412,0.38217336,10.893692,-2.1555345,-0.23441899,1
3,20.7,8.017412,0.49022424,10.790861,-1.0283095,-0.26211444,1
3,20.8,8.07522,0.6330112,10.856108,0.65246654,-0.28470173,1
3,20.9,8.143803,0.73744327,10.972474,1.1636649,-0.30243382,1
3,21,8.224396,0.8414265,11.047569,0.7509524,-0.31729823,1
3,21.1,8.306627,0.7919678,11.083676,0.361071,-0.3305261,1
3,21.2,8.379239,0.6525349,11.09809,0.14413844,-0.341175,1
3,21.3,8.429813,0.37027296,11.21397,1.1588012,-0.34763452,1
3,21.4,8.447889,0.0270632,11.376342,1.6237084,-0.349879,1
3,21.5,8.434296,-0.23717198,11.480703,1.0436162,-0.34905875,1
3,21.6,8.407131,-0.26790154,11.474438,-0.06265664,-0.34609735,1
3,21.7,8.386429,-0.1569273,11.461684,-0.12753502,-0.33949232,1
3,21.8,8.375492,-0.07578944,11.546677,0.84992504,-0.3264708,1
3,21.9,8.372942,0.037667908,11.631753,0.8507642,-0.30516955,1
3,22,8.388937,0.24464792,11.592174,-0.39579427,-0.27589807,1
3,22.1,8.415312,0.24236132,11.575891,-0.1628306,-0.24065453,1
3,22.2,8.432977,0.13901368,11.566281,-0.09609241,-0.2013077,1
3,22.3,8.447596,0.15530922,11.479129,-0.8715256,-0.15938099,1
3,22.4,8.464052,0.15471774,11.410727,-0.68402344,-0.11828871,1
3,22.5,8.473411,0.028540805,11.468447,0.57720244,-0.081266955,1
3,22.6,8.466167,-0.15224724,11.580765,1.1231815,-0.04983231,1
3,22.7,8.440888,-0.35315943,11.687446,1.0668095,-0.02546963,1
3,22.8,8.3890915,-0.5934311,11.767401,0.79955167,-0.009370238,1
3,22.9,8.329183,-0.5845604,11.827265,0.5986411,-0.00014116,1
3,23,8.276162,-0.4723735,11.893444,0.66179353,0.004864833,1
3,23.1,8.240048,-0.24523637,11.899347,0.059032492,0.007756978,1
3,23.2,8.233372,0.06744352,11.792035,-1.0731229,0.010025363,1
3,23.3,8.248803,0.18319218,11.661971,-1.3006411,0.012513343,1
3,23.4,8.260446,0.029983977,11.664224,0.022525836,0.015453974,1
3,23.5,8.248382,-0.23224217,11.722477,0.5825335,0.018132197,1
3,23.6,8.219412,-0.29176742,11.5882845,-1.3419257,0.018074393,1
3,23.7,8.200472,-0.07783051,11.322757,-2.6552796,0.012635246,1
3,23.8,8.208985,0.20339774,11.1547785,-1.6797746,0.00210721,1
3,23.9,8.240441,0.39210138,11.166568,0.117893256,-0.011104728,1
3,24,8.289025,0.5828263,11.219854,0.53285646,-0.0262988,1
3,24.1,8.365762,0.91549164,11.096763,-1.2309086,-0.04531984,1
3,24.2,8.469227,1.0934254,10.904846,-1.9191662,-0.06977043,1
3,24.3,8.575744,1.0007192,10.8453,-0.5954653,-0.09869826,1
3,24.4,8.660587,0.7028444,10.937241,0.9194095,-0.13024972,1
3,24.5,8.710881,0.35354382,11.059384,1.2214386,-0.16522382,1
3,24.6,8.732422,0.114500225,11.094551,0.35166764,-0.20487158,1
3,24.7,8.7354,-0.02626466,11.179954,0.85402566,-0.2489315,1
3,24.8,8.730354,-0.052849434,11.3197975,1.3984311,-0.29443002,1
3,24.9,8.729908,0.06117131,11.407607,0.8780963,-0.3369052,1
3,25,8.736239,0.046845112,11.394274,-0.13333318,-0.37267765,1
3,25.1,8.739456,0.011454498,11.361254,-0.3302004,-0.39869928,1
3,25.2,8.733507,-0.13243057,11.43557,0.7431609,-0.4129295,1
3,25.3,8.707979,-0.3605492,11.593357,1.5778747,-0.4150832,1
3,25.4,8.658075,-0.60653794,11.769063,1.7570608,-0.40698874,1
3,25.5,8.595281,-0.58527476,11.879598,1.1053476,-0.39079902,1
3,25.6,8.546433,-0.4111724,11.912979,0.333815,-0.36658216,1
3,25.7,8.513213,-0.27227053,11.991812,0.788327,-0.33311346,1
3,25.8,8.491772,-0.18455565,12.078957,0.87144923,-0.2894797,1
3,25.9,8.4710655,-0.23646627,12.113759,0.34802443,-0.23659816,1
3,26,8.443467,-0.3037053,12.053906,-0.59852666,-0.17765759,1
3,26.1,8.409864,-0.37460136,11.95794,-0.95966405,-0.116055585,1
3,26.2,8.364293,-0.52578986,11.954205,-0.03735518,-0.054671813,1
3,26.3,8.306931,-0.5685705,11.962463,0.08258825,0.004159462,1
3,26.4,8.263049,-0.2909803,11.786023,-1.7644039,0.05837496,1
3,26.5,8.258704,0.16298798,11.502319,-2.8370404,0.10591289,1
3,26.6,8.2958555,0.49258807,11.328045,-1.742746,0.14587365,1
3,26.7,8.345521,0.45573255,11.342442,0.14396685,0.17762132,1
3,26.8,8.37978,0.2585757,11.411774,0.6933218,0.1987702,1
3,26.9,8.398406,0.13393958,11.36749,-0.44283912,0.20559305,1
3,27,8.407781,0.0708625,11.32175,-0.45740172,0.19556163,1
3,27.1,8.409283,-0.048804358,11.367187,0.4543689,0.16985506,1
3,27.2,8.395172,-0.20630357,11.452248,0.8506115,0.13244192,1
3,27.3,8.371427,-0.2409616,11.414841,-0.3740695,0.08654442,1
3,27.4,8.350462,-0.18361536,11.289282,-1.2555896,0.034634694,1
3,27.5,8.326846,-0.31640697,11.234943,-0.54338485,-0.019381488,1
3,27.6,8.288763,-0.36861327,11.257947,0.230036,-0.07153282,1
3,27.7,8.262208,-0.12624542,11.151911,-1.0603627,-0.12061771,1
3,27.8,8.271361,0.26990336,10.972701,-1.792089,-0.16673939,1
3,27.9,8.317623,0.59712446,10.902299,-0.70402205,-0.20896932,1
3,28,8.388945,0.7963556,10.980052,0.7775314,-0.24497306,1
3,28.1,8.475781,0.92646444,11.080959,1.0090742,-0.2742172,1
3,28.2,8.574008,1.0193748,10.988398,-0.92561805,-0.29845232,1
3,28.3,8.681824,1.0871823,10.776273,-2.1212502,-0.31961054,1
3,28.4,8.78876,0.9935165,10.671616,-1.0465726,-0.3390458,1
3,28.5,8.87332,0.70812595,10.741976,0.70360243,-0.3542042,1
3,28.6,8.922644,0.34662873,10.911325,1.6934981,-0.3673949,1
3,28.7,8.940673,0.11501595,11.100939,1.8961257,-0.38133702,1
3,28.8,8.950254,0.13464235,11.206899,1.0595999,-0.39550442,1
3,28.9,8.972231,0.3394453,11.226055,0.19156474,-0.40881914,1
3,29,9.014201,0.47161996,11.208178,-0.17877491,-0.41889778,1
3,29.1,9.058614,0.4536806,11.175711,-0.32465747,-0.41846898,1
3,29.2,9.099209,0.40876114,11.188321,0.12609589,-0.4093432,1
3,29.3,9.133338,0.2734208,11.275971,0.87650484,-0.3929209,1
3,29.4,9.152611,0.11877053,11.390218,1.1424799,-0.3706805,1
3,29.5,9.162775,0.080685385,11.487847,0.9762663,-0.34801003,1
3,29.6,9.179292,0.19886772,11.552972,0.651236,-0.3246923,1
3,29.7,9.198516,0.1370382,11.6197,0.66729707,-0.30066374,1
3,29.8,9.208754,0.026315067,11.6302185,0.10515541,-0.27465582,1
3,29.9,9.207193,-0.073956676,11.591661,-0.3855768,-0.24741611,1
3,30,9.19121,-0.2796887,11.670571,0.7891082,-0.21876153,1
3,30.1,9.155487,-0.40688917,11.790561,1.1998866,-0.19052266,1
3,30.2,9.116184,-0.34694675,11.858311,0.677498,-0.16353531,1
3,30.3,9.090858,-0.12574519,11.833699,-0.24610643,-0.1384577,1
3,30.4,9.089735,0.06432556,11.825183,-0.08515681,-0.11513568,1
3,30.5,9.098863,0.10851358,11.784565,-0.40617678,-0.0922596,1
3,30.6,9.110664,0.11573878,11.676342,-1.0822221,-0.06977709,1
3,30.7,9.117798,0.014372747,11.638429,-0.37912872,-0.049477287,1
3,30.8,9.109341,-0.15181401,11.651654,0.13225682,-0.033560373,1
3,30.9,9.090385,-0.20472056,11.572263,-0.7939099,-0.0237063,1
3,31,9.071905,-0.16153732,11.518896,-0.5336647,-0.02135417,1
3,31.1,9.058386,-0.11889433,11.601978,0.8308248,-0.026334329,1
3,31.2,9.048802,-0.07040869,11.749165,1.4718649,-0.03692552,1
3,31.3,9.046309,0.01589383,11.844253,0.9508783,-0.052320555,1
3,31.4,9.04886,0.012786087,11.851502,0.07249245,-0.07178595,1
3,31.5,9.044322,-0.08974604,11.902488,0.50984675,-0.09304582,1
3,31.6,9.029224,-0.19565882,11.969838,0.673506,-0.11373029,1
3,31.7,9.005584,-0.26014292,11.99593,0.260916,-0.13228567,1
3,31.8,8.978812,-0.265043,11.962378,-0.33553323,-0.148779,1
3,31.9,8.954539,-0.21849284,11.877496,-0.8488225,-0.16289474,1
3,32,8.931296,-0.29762146,11.766278,-1.1121849,-0.17347643,1
3,32.1,8.894558,-0.4091572,11.654968,-1.1131155,-0.17964247,1
3,32.2,8.854692,-0.37009206,11.568529,-0.86439353,-0.18190572,1
3,32.3,8.826117,-0.21672532,11.5460615,-0.22468385,-0.18148267,1
3,32.4,8.815248,-0.004143075,11.556988,0.10925656,-0.1793981,1
3,32.5,8.833141,0.35077584,11.472155,-0.84832054,-0.17615338,1
3,32.6,8.890938,0.73667186,11.325059,-1.4709517,-0.1718056,1
3,32.7,8.971048,0.8065221,11.271496,-0.5356319,-0.16632225,1
3,32.8,9.043877,0.6611341,11.294579,0.23082946,-0.16021864,1
3,32.9,9.099795,0.47525254,11.304105,0.09527605,-0.15584294,1
3,33,9.137374,0.3057753,11.276123,-0.27982166,-0.15692939,1
3,33.1,9.160093,0.15378883,11.22382,-0.52302647,-0.16546889,1
3,33.2,9.1637335,-0.06689716,11.269716,0.4589635,-0.18053058,1
3,33.3,9.146599,-0.23723479,11.415043,1.4532758,-0.20013848,1
3,33.4,9.121459,-0.23255372,11.5523205,1.3727703,-0.22271447,1
3,33.5,9.109858,-0.001723095,11.551261,-0.01060336,-0.24708122,1
3,33.6,9.115468,0.066175036,11.486803,-0.6445831,-0.27029637,1
3,33.7,9.121096,0.031148639,11.4853115,-0.014920189,-0.2882339,1
3,33.8,9.117316,-0.09980381,11.579313,0.9400127,-0.29829738,1
3,33.9,9.099357,-0.23320714,11.675865,0.9655146,-0.3010629,1
3,34,9.070765,-0.3296565,11.735605,0.5973966,-0.2989752,1
3,34.1,9.040628,-0.23898672,11.802634,0.67028993,-0.29330218,1
3,34.2,9.025298,-0.08671156,11.88592,0.832851,-0.28321636,1
3,34.3,9.023722,0.024597919,11.975642,0.89722115,-0.2673459,1
3,34.4,9.023458,-0.054934725,12.067618,0.91976154,-0.24527559,1
3,34.5,9.006581,-0.27316976,12.188395,1.2077653,-0.21792407,1
3,34.6,8.965927,-0.49949518,12.276909,0.8851392,-0.18720782,1
3,34.7,8.9083395,-0.623728,12.249417,-0.27491164,-0.15536349,1
3,34.8,8.842455,-0.6732322,12.167911,-0.815074,-0.12395353,1
3,34.9,8.776901,-0.6295992,12.115673,-0.5223692,-0.092312664,1
3,35,8.717926,-0.5592643,12.173043,0.57369703,-0.059236523,1
3,35.1,8.666302,-0.47540915,12.286992,1.1394883,-0.025568431,1
3,35.2,8.625275,-0.358575,12.354151,0.67159325,0.00674646,1
3,35.3,8.592219,-0.3200026,12.32205,-0.32101116,0.0361506,1
3,35.4,8.558649,-0.3620974,12.265441,-0.5660846,0.06176483,1
3,35.5,8.516893,-0.46065307,12.226211,-0.39232287,0.084175736,1
3,35.6,8.469794,-0.44428983,12.137277,-0.88932884,0.102654055,1
3,35.7,8.43031,-0.36168236,12.017711,-1.1956298,0.11566731,1
3,35.8,8.395501,-0.34748,11.966339,-0.5137208,0.12285669,1
3,35.9,8.360554,-0.3356731,11.9172325,-0.49107048,0.12432484,1
3,36,8.331396,-0.2537701,11.797815,-1.1941861,0.120102175,1
3,36.1,8.304404,-0.33262268,11.705518,-0.92298454,0.110000566,1
3,36.2,8.270914,-0.29576924,11.651743,-0.53776246,0.09463953,1
3,36.3,8.252782,-0.076549314,11.584443,-0.67300874,0.07487256,1
3,36.4,8.259706,0.18410191,11.557442,-0.27002087,0.05071573,1
3,36.5,8.291619,0.41456383,11.546838,-0.10604333,0.022532485,1
3,36.6,8.336831,0.44709232,11.522337,-0.24502103,-0.008145258,1
3,36.7,8.373864,0.2865869,11.557995,0.35657445,-0.04009295,1
3,36.8,8.389736,0.070080854,11.597727,0.3973184,-0.07287959,1
3,36.9,8.389055,-0.06821108,11.539905,-0.5782278,-0.106460296,1
3,37,8.37366,-0.22963285,11.5291195,-0.10784839,-0.14075346,1
3,37.1,8.3433695,-0.3389585,11.614695,0.8557567,-0.17438929,1
3,37.2,8.312382,-0.24647823,11.665213,0.50517714,-0.20528212,1
3,37.3,8.305623,0.10623784,11.54286,-1.2235281,-0.23224474,1
3,37.4,8.340495,0.5193502,11.348457,-1.9440199,-0.25383055,1
3,37.5,8.3996525,0.5925496,11.282927,-0.65530574,-0.2673952,1
3,37.6,8.449295,0.40128475,11.349772,0.6684542,-0.2715196,1
3,37.7,8.475862,0.17999817,11.397122,0.4735057,-0.2687538,1
3,37.8,8.488378,0.10352554,11.280474,-1.1664873,-0.26412326,1
3,37.9,8.4982605,0.105733,11.109115,-1.7135907,-0.26076385,1
3,38,8.509791,0.123745,11.069995,-0.3911956,-0.25782135,1
3,38.1,8.524806,0.17887083,11.159381,0.89386225,-0.25328624,1
3,38.2,8.549724,0.33595547,11.234159,0.74778944,-0.24751675,1
3,38.3,8.589627,0.4524647,11.1253195,-1.0884051,-0.24230234,1
3,38.4,8.643325,0.6134708,10.931619,-1.9370067,-0.23801982,1
3,38.5,8.707954,0.6492176,10.863237,-0.68381166,-0.23314567,1
3,38.6,8.766989,0.52070624,10.960776,0.9753835,-0.22688656,1
3,38.7,8.808156,0.31536317,11.135383,1.746063,-0.22151028,1
3,38.8,8.835958,0.28849337,11.3233185,1.8793606,-0.2202388,1
3,38.9,8.865697,0.2916252,11.514814,1.9149532,-0.22458231,1
3,39,8.886849,0.14891693,11.673524,1.5870978,-0.23285553,1
3,39.1,8.892999,-0.005534466,11.738999,0.65475076,-0.24120891,1
3,39.2,8.884665,-0.17091548,11.777488,0.3848884,-0.2464746,1
3,39.3,8.853554,-0.44904244,11.91472,1.3723112,-0.24694325,1
3,39.4,8.791895,-0.72872,12.074138,1.594185,-0.24194522,1
3,39.5,8.714713,-0.748569,12.099023,0.2488456,-0.23185617,1
3,39.6,8.651019,-0.5244991,12.015409,-0.8361293,-0.21723603,1
3,39.7,8.612601,-0.2773366,11.977077,-0.3833311,-0.19729415,1
3,39.8,8.598515,-0.046820913,11.947976,-0.29100507,-0.17083293,1
3,39.9,8.605879,0.16050078,11.81734,-1.3063624,-0.138135,1
3,40,8.63154,0.3268146,11.592031,-2.253093,-0.10186942,1
3,40.1,8.669938,0.41668037,11.389342,-2.0268793,-0.06524615,1
3,40.2,8.707398,0.31425157,11.358981,-0.3036147,-0.0311471,1
3,40.3,8.730558,0.18496819,11.430549,0.7156698,-0.0031708,1
3,40.4,8.748133,0.18555662,11.409217,-0.21331303,0.014826976,1
3,40.5,8.774626,0.32738537,11.245251,-1.6396596,0.02016745,1
3,40.6,8.812239,0.38965756,11.160706,-0.8454527,0.013393953,1
3,40.7,8.846482,0.28445753,11.24433,0.836251,-0.002268043,1
3,40.8,8.860307,-0.006183449,11.37065,1.2631935,-0.02441318,1
3,40.9,8.857234,-0.002801169,11.352295,-0.18355255,-0.053265344,1
3,41,8.869425,0.22403096,11.285156,-0.67138904,-0.08931761,1
3,41.1,8.903721,0.41992944,11.335688,0.5053205,-0.1300397,1
3,41.2,8.953193,0.5484993,11.442292,1.0660372,-0.17112042,1
3,41.3,9.0115385,0.6037597,11.410767,-0.3152488,-0.20968543,1
3,41.4,9.071976,0.5895388,11.315772,-0.94995314,-0.24527241,1
3,41.5,9.121811,0.39768487,11.346665,0.30893606,-0.27744037,1
3,41.6,9.145453,0.11279245,11.451303,1.0463706,-0.30495092,1
3,41.7,9.144923,-0.07694344,11.454189,0.028867092,-0.32850692,1
3,41.8,9.132908,-0.14611861,11.365182,-0.89007264,-0.3498123,1
3,41.9,9.11706,-0.16489626,11.375286,0.101042084,-0.36834732,1
3,42,9.102671,-0.11227137,11.48018,1.0489353,-0.381477,1
3,42.1,9.098386,0.019302092,11.593031,1.1285101,-0.38744834,1
3,42.2,9.110662,0.22202452,11.6786,0.8556994,-0.3863642,1
3,42.3,9.142427,0.31740636,11.730179,0.5157878,-0.3779363,1
3,42.4,9.166619,0.16743629,11.856821,1.2664223,-0.361241,1
3,42.5,9.172694,-0.014516187,12.015215,1.5839313,-0.33632407,1
3,42.6,9.16654,-0.07232263,12.050205,0.34990492,-0.3048457,1
3,42.7,9.16289,-0.002669639,11.958783,-0.9142202,-0.26955205,1
3,42.8,9.168148,0.11861022,11.883459,-0.75323856,-0.23175831,1
3,42.9,9.180882,0.09009552,11.927258,0.4379873,-0.19126007,1
3,43,9.1797085,-0.09069651,12.022372,0.95114464,-0.14958024,1
3,43.1,9.162828,-0.2287792,12.038246,0.1587395,-0.11019314,1
3,43.2,9.131837,-0.3896022,12.063618,0.2537169,-0.07646405,1
3,43.3,9.07961,-0.6327806,12.166813,1.0319505,-0.049257986,1
3,43.4,9.003915,-0.83803356,12.256004,0.89191175,-0.027386026,1
3,43.5,8.917651,-0.84496665,12.2706,0.14596012,-0.009969081,1
3,43.6,8.842396,-0.6692536,12.238893,-0.31708074,0.003788107,1
3,43.7,8.786138,-0.48829788,12.271202,0.32309842,0.015415896,1
3,43.8,8.742572,-0.42328748,12.404847,1.3364524,0.026313664,1
3,43.9,8.69418,-0.53763765,12.54027,1.3542279,0.03685989,1
3,44,8.637161,-0.5779836,12.496791,-0.43479267,0.046280053,1
3,44.1,8.580681,-0.5579634,12.353893,-1.4289771,0.05391834,1
3,44.2,8.520642,-0.6608995,12.319982,-0.33911392,0.060054272,1
3,44.3,8.443915,-0.8356005,12.397217,0.77235585,0.06538293,1
3,44.4,8.355522,-0.9006245,12.441638,0.44421133,0.0696317,1
3,44.5,8.268329,-0.84313923,12.364166,-0.7747164,0.07153053,1
3,44.6,8.183847,-0.8615681,12.362867,-0.012988335,0.071144156,1
3,44.7,8.092992,-0.92866075,12.411449,0.48581985,0.06971504,1
3,44.8,8.000959,-0.91098917,12.3236265,-0.87822634,0.06860868,1
3,44.9,7.914049,-0.7771216,12.099796,-2.2382941,0.06787103,1
3,45,7.8510165,-0.5129244,11.963432,-1.3636408,0.06741165,1
3,45.1,7.812856,-0.26047894,11.943187,-0.20245302,0.06785276,1
3,45.2,7.809563,0.17616574,11.7904,-1.5278822,0.06900682,1
3,45.3,7.8572707,0.68893886,11.53173,-2.586701,0.06936316,1
3,45.4,7.9417143,0.9051617,11.348435,-1.832946,0.06751995,1
3,45.5,8.030109,0.8331176,11.3146305,-0.33805206,0.063184366,1
3,45.6,8.1046715,0.6890047,11.3033905,-0.11240254,0.05482487,1
3,45.7,8.166072,0.59709495,11.217215,-0.8617586,0.038378924,1
3,45.8,8.22318,0.5726326,11.055923,-1.6129192,0.010974739,1
3,45.9,8.275342,0.45960063,10.984542,-0.71381134,-0.026521562,1
3,46,8.308484,0.225496,11.067449,0.8290674,-0.071550414,1
3,46.1,8.322409,0.1181288,11.174216,1.0676755,-0.12185907,1
3,46.2,8.344335,0.3292276,11.12976,-0.44455686,-0.17667995,1
3,46.3,8.395905,0.6489952,11.066009,-0.6375127,-0.23436993,1
3,46.4,8.464264,0.67302746,11.047241,-0.18767461,-0.289799,1
3,46.5,8.535568,0.6975547,11.017889,-0.2935112,-0.3365891,1
3,46.6,8.607526,0.70186996,11.008009,-0.09880179,-0.3763752,1
3,46.7,8.674572,0.62334824,11.079064,0.7105565,-0.40758127,1
3,46.8,8.730017,0.49403545,11.195505,1.1644125,-0.43347457,1
3,46.9,8.778192,0.46315995,11.326328,1.308233,-0.4557869,1
3,47,8.813576,0.2728418,11.483755,1.574277,-0.47093046,1
3,47.1,8.825298,0.021285994,11.642076,1.5832007,-0.47988206,1
3,47.2,8.812366,-0.19462919,11.742208,1.0012232,-0.4829388,1
3,47.3,8.78235,-0.33896658,11.788917,0.46707565,-0.47620142,1
3,47.4,8.739426,-0.45328358,11.927668,1.3875157,-0.4604254,1
3,47.5,8.690912,-0.4575691,12.091125,1.6348584,-0.43475676,1
3,47.6,8.652957,-0.28164446,12.1428995,0.51773,-0.39702153,1
3,47.7,8.637925,-0.07995219,12.154135,0.11192927,-0.35050827,1
3,47.8,8.632137,-0.09635349,12.204832,0.50672626,-0.29516274,1
3,47.9,8.618128,-0.22438173,12.262397,0.57529676,-0.23173322,1
3,48,8.585102,-0.44101664,12.371731,1.0931174,-0.16501178,1
3,48.1,8.527765,-0.6628913,12.4748745,1.0314982,-0.09887827,1
3,48.2,8.455861,-0.7381792,12.428248,-0.46584272,-0.03634148,1
3,48.3,8.383615,-0.7040557,12.291418,-1.3678392,0.02074136,1
3,48.4,8.314567,-0.6962169,12.2679205,-0.2346683,0.07213537,1
3,48.5,8.240281,-0.7921943,12.364814,0.96922237,0.116491705,1
3,48.6,8.155678,-0.870483,12.443991,0.7917763,0.15363164,1
3,48.7,8.072049,-0.7900321,12.363105,-0.8090752,0.18236183,1
3,48.8,8.001407,-0.6442966,12.21586,-1.4726995,0.20166817,1
3,48.9,7.9362497,-0.69402987,12.138597,-0.7729128,0.21248399,1
3,49,7.8687205,-0.62978673,12.128187,-0.104368955,0.21545494,1
3,49.1,7.81854,-0.35873467,12.058152,-0.7006722,0.21145262,1
3,49.2,7.806069,0.06329538,11.853178,-2.0503492,0.1999336,1
3,49.3,7.827776,0.30684498,11.632241,-2.2097814,0.18101518,1
3,49.4,7.858993,0.2800751,11.558851,-0.73433846,0.15650092,1
3,49.5,7.876848,0.11716797,11.575693,0.16821946,0.12715477,1
3,49.6,7.8835325,0.073688105,11.454372,-1.2132504,0.09251587,1
3,49.7,7.89324,0.13458493,11.223229,-2.3113754,0.050324697,1
3,49.8,7.906373,0.1210714,11.098247,-1.249701,0.001557301,1
3,49.9,7.914979,0.06781731,11.164968,0.6673706,-0.05035186,1
3,50,7.9231186,0.11762774,11.295901,1.3095233,-0.104141384,1
3,50.1,7.9474907,0.38128543,11.29998,0.04097273,-0.16005358,1
3,50.2,8.008656,0.76848793,11.170091,-1.298972,-0.21753082,1
3,50.3,8.096204,0.8902432,11.097733,-0.7235219,-0.2722317,1
3,50.4,8.179892,0.74833345,11.15818,0.60448414,-0.31851208,1
3,50.5,8.243687,0.53804636,11.234339,0.76146555,-0.3553029,1
3,50.6,8.28615,0.32541656,11.293165,0.5882352,-0.3852609,1
3,50.7,8.303897,0.05125244,11.406847,1.1367719,-0.41101864,1
3,50.8,8.292525,-0.21153376,11.538147,1.3129531,-0.4320277,1
3,50.9,8.270359,-0.17199755,11.515702,-0.2245138,-0.44626933,1
3,51,8.269796,0.14507112,11.382159,-1.3354942,-0.4521053,1
3,51.1,8.301366,0.4210222,11.356158,-0.26008075,-0.44741777,1
3,51.2,8.338053,0.31373954,11.472067,1.1590312,-0.42999002,1
3,51.3,8.362071,0.19770248,11.595241,1.2316731,-0.4005062,1
3,51.4,8.383705,0.23527433,11.567517,-0.27728617,-0.36317962,1
3,51.5,8.412506,0.31387812,11.500527,-0.6699543,-0.32224637,1
3,51.6,8.44345,0.29617384,11.529412,0.28880048,-0.27875853,1
3,51.7,8.476462,0.32544425,11.615834,0.86418074,-0.2322506,1
3,51.8,8.503461,0.21455598,11.702366,0.86529034,-0.18514732,1
3,51.9,8.517652,0.068551905,11.770223,0.6785376,-0.14136024,1
3,52,8.515282,-0.088931054,11.829521,0.59296584,-0.102851115,1
3,52.1,8.501242,-0.15952997,11.794606,-0.34917128,-0.06975352,1
3,52.2,8.485583,-0.1502723,11.677904,-1.1670313,-0.04172465,1
3,52.3,8.472548,-0.12518296,11.5706005,-1.073048,-0.01840257,1
3,52.4,8.462383,-0.06055121,11.548156,-0.22444852,0.000867935,1
3,52.5,8.469044,0.20615982,11.459944,-0.882126,0.016053936,1
3,52.6,8.510508,0.569238,11.296892,-1.6305178,0.025891362,1
3,52.7,8.577888,0.70991665,11.198616,-0.98276204,0.029042784,1
3,52.8,8.644409,0.59782845,11.258423,0.5980624,0.025588948,1
3,52.9,8.692883,0.39498132,11.373217,1.1479404,0.015040058,1
3,53,8.72241,0.22540313,11.440143,0.6692586,-0.004702186,1
3,53.1,8.7367525,0.067045294,11.490937,0.5079466,-0.03481484,1
3,53.2,8.738627,-0.024150997,11.585074,0.9413772,-0.073253974,1
3,53.3,8.730182,-0.14665943,11.727835,1.4276028,-0.115705445,1
3,53.4,8.708014,-0.26456526,11.867068,1.3923373,-0.15841217,1
3,53.5,8.681053,-0.25037435,11.874769,0.07700524,-0.19855313,1
3,53.6,8.661589,-0.15493095,11.802032,-0.72737086,-0.2334097,1
3,53.7,8.640145,-0.3049018,11.74065,-0.61382014,-0.2601711,1
3,53.8,8.602462,-0.4092942,11.691344,-0.4930556,-0.27670392,1
3,53.9,8.563797,-0.34162003,11.66423,-0.27114424,-0.28328544,1
3,54,8.539734,-0.14617182,11.67401,0.09780369,-0.28191692,1
3,54.1,8.540802,0.14256704,11.6728945,-0.011158031,-0.27376696,1
3,54.2,8.572672,0.4397454,11.649877,-0.23017958,-0.25897703,1
3,54.3,8.622426,0.5083714,11.643537,-0.06340031,-0.23794352,1
3,54.4,8.669282,0.43964082,11.641872,-0.016646123,-0.21194378,1
3,54.5,8.712038,0.42328987,11.536465,-1.0540766,-0.18344173,1
3,54.6,8.756235,0.44419566,11.375364,-1.6110076,-0.15597136,1
3,54.7,8.7970495,0.360776,11.312434,-0.6292935,-0.13252696,1
3,54.8,8.824727,0.20854318,11.316822,0.043872546,-0.11451625,1
3,54.9,8.83917,0.11746367,11.290197,-0.2662409,-0.10334673,1
3,55,8.856718,0.24002652,11.198734,-0.91463727,-0.10059915,1
3,55.1,8.893182,0.4589446,11.178421,-0.20312856,-0.10611071,1
3,55.2,8.947404,0.58068573,11.287758,1.0933629,-0.11801238,1
3,55.3,9.001636,0.5063501,11.407648,1.1989081,-0.13440439,1
3,55.4,9.050629,0.46763176,11.373786,-0.33862132,-0.15465973,1
3,55.5,9.0918865,0.33876032,11.384302,0.10515584,-0.17851235,1
3,55.6,9.111083,0.052631088,11.535684,1.5138236,-0.20417273,1
3,55.7,9.097536,-0.27049276,11.718741,1.8305695,-0.22915931,1
3,55.8,9.067809,-0.305142,11.7817135,0.62972504,-0.25340363,1
3,55.9,9.038757,-0.29423115,11.802776,0.2106297,-0.27677166,1
3,56,9.004866,-0.39533475,11.936844,1.3406762,-0.29617134,1
3,56.1,8.956805,-0.5290961,12.102952,1.6610769,-0.3078362,1
3,56.2,8.905135,-0.46994248,12.075578,-0.27374053,-0.3101958,1
3,56.3,8.8498955,-0.6056233,11.902604,-1.7297367,-0.30386785,1
3,56.4,8.794287,-0.50379133,11.813601,-0.8900382,-0.28871232,1
3,56.5,8.751348,-0.37021187,11.9027605,0.8915983,-0.26414597,1
3,56.6,8.722882,-0.19000585,12.047067,1.4430616,-0.23125495,1
3,56.7,8.72095,0.11480185,12.053689,0.06622877,-0.19274454,1
3,56.8,8.742766,0.2544037,11.96799,-0.8569948,-0.15143494,1
3,56.9,8.763477,0.12329497,11.975188,0.07199046,-0.109014146,1
3,57,8.759439,-0.17171288,12.068628,0.9343967,-0.06645248,1
3,57.1,8.72959,-0.3753306,12.039098,-0.2953055,-0.026522757,1
3,57.2,8.688164,-0.45095947,11.870357,-1.6874113,0.006653582,1
3,57.3,8.638389,-0.54748,11.756581,-1.1377513,0.03145592,1
3,57.4,8.58077,-0.56878257,11.757252,0.006703685,0.04949652,1
3,57.5,8.533813,-0.34260347,11.732466,-0.24785835,0.0623418,1
3,57.6,8.524098,0.11538984,11.590533,-1.4193264,0.06946059,1
3,57.7,8.561494,0.5479854,11.465469,-1.2506403,0.070400245,1
3,57.8,8.6245365,0.6593119,11.417503,-0.47966298,0.06612263,1
3,57.9,8.692461,0.71033996,11.401208,-0.16294898,0.057497293,1
3,58,8.77103,0.84875715,11.296222,-1.0498663,0.042768195,1
3,58.1,8.86306,0.95965475,11.216804,-0.79417884,0.019009914,1
3,58.2,8.957762,0.90931267,11.298007,0.81203556,-0.015017173,1
3,58.3,9.044528,0.8480121,11.442398,1.4439068,-0.0587457,1
3,58.4,9.128228,0.8409092,11.419342,-0.23056275,-0.111575626,1
3,58.5,9.215999,0.89918476,11.257597,-1.6174514,-0.1720915,1
3,58.6,9.304723,0.84142077,11.186038,-0.71558553,-0.23659427,1
3,58.7,9.376606,0.59491324,11.295459,1.0942074,-0.29992872,1
3,58.8,9.418673,0.28846958,11.461582,1.6612326,-0.35971728,1
3,58.9,9.435789,0.09864144,11.510912,0.4932967,-0.4156871,1
3,59,9.439878,-0.009352854,11.480252,-0.3065953,-0.46712372,1
3,59.1,9.430871,-0.1649521,11.529528,0.49275035,-0.51092327,1
3,59.2,9.407492,-0.25448403,11.660777,1.3124969,-0.5430364,1
3,59.3,9.387433,-0.1270059,11.740064,0.7928689,-0.5617119,1
3,59.4,9.386291,0.06558479,11.786053,0.4598896,-0.5670237,1
3,59.5,9.394508,0.062365215,11.859796,0.7374296,-0.55820996,1
3,59.6,9.392222,-0.107418954,11.968107,1.0831183,-0.53428185,1
3,59.7,9.367503,-0.37552458,12.122301,1.5419353,-0.4962205,1
3,59.8,9.312956,-0.6694911,12.283774,1.6147304,-0.44712266,1
3,59.9,9.236605,-0.80879635,12.310695,0.26920462,-0.39021567,1
3,60,9.156573,-0.77729976,12.256847,-0.5384734,-0.32732403,1
3,60.1,9.084398,-0.67201054,12.296143,0.39294955,-0.25880367,1
3,60.2,9.025613,-0.49432033,12.380194,0.8405157,-0.18461703,1
3,60.3,8.983391,-0.36180598,12.318884,-0.61310226,-0.10678485,1
3,60.4,8.95922,-0.14450046,12.138358,-1.8052522,-0.029347172,1
3,60.5,8.955063,0.01959168,12.011724,-1.266336,0.04483709,1
3,60.6,8.9596,0.060707916,12.008602,-0.03122733,0.11337153,1
3,60.7,8.968886,0.13882785,11.968933,-0.39668745,0.17303078,1
3,60.8,8.995903,0.3799848,11.852407,-1.1652538,0.21941623,1
3,60.9,9.040449,0.46436533,11.776137,-0.76270676,0.24881153,1
3,61,9.082223,0.352997,11.827893,0.51755726,0.2601464,1
3,61.1,9.107502,0.18516482,11.90936,0.81466985,0.25381178,1
3,61.2,9.123318,0.16959335,11.825922,-0.8343785,0.22959709,1
3,61.3,9.145564,0.26393977,11.627546,-1.9837619,0.18809155,1
3,61.4,9.173625,0.25836924,11.530048,-0.97497576,0.13270713,1
3,61.5,9.192686,0.13408245,11.554744,0.24695487,0.068637446,1
3,61.6,9.203722,0.10295639,11.487583,-0.67160887,-0.000805693,1
3,61.7,9.214625,0.121535875,11.370826,-1.1675731,-0.074485205,1
3,61.8,9.227306,0.13150367,11.289911,-0.8091402,-0.15050752,1
3,61.9,9.243017,0.19302636,11.2838,-0.061111834,-0.22533913,1
3,62,9.27078,0.35000065,11.318801,0.3500037,-0.2965952,1
3,62.1,9.316118,0.5365351,11.346083,0.27282396,-0.36308074,1
3,62.2,9.373925,0.5975768,11.341088,-0.04994522,-0.4226769,1
3,62.3,9.433264,0.60759485,11.34481,0.03720651,-0.4728241,1
3,62.4,9.495137,0.6206779,11.359955,0.15145592,-0.5119721,1
3,62.5,9.555506,0.5744639,11.433239,0.7328423,-0.5397514,1
3,62.6,9.6073,0.4757141,11.55761,1.243708,-0.5569532,1
3,62.7,9.649792,0.4043954,11.653143,0.9553338,-0.56448185,1
3,62.8,9.682035,0.18967763,11.724534,0.71391135,-0.5631189,1
3,62.9,9.680187,-0.19541025,11.89925,1.7471594,-0.553118,1
3,63,9.639064,-0.5714649,12.097483,1.9823232,-0.5340528,1
3,63.1,9.567894,-0.78737617,12.179544,0.8206137,-0.50630844,1
3,63.2,9.487352,-0.7846861,12.196923,0.1737957,-0.47066218,1
3,63.3,9.415232,-0.66836756,12.26726,0.70336455,-0.42606148,1
3,63.4,9.355538,-0.53306514,12.405622,1.3836106,-0.37091154,1
3,63.5,9.312597,-0.35377687,12.489762,0.8414152,-0.30511695,1
3,63.6,9.2798605,-0.32497686,12.51569,0.25927463,-0.23121704,1
3,63.7,9.241212,-0.45164686,12.565883,0.50192654,-0.15303966,1
3,63.8,9.183338,-0.6907536,12.677158,1.1127554,-0.07382663,1
3,63.9,9.100631,-0.9247112,12.765413,0.8825491,0.002900987,1
3,64,9.00102,-1.0263116,12.715992,-0.49421683,0.07353086,1
3,64.1,8.897313,-1.0230923,12.589569,-1.2642289,0.13568889,1
3,64.2,8.799022,-0.9322132,12.522216,-0.6735267,0.189073,1
3,64.3,8.715958,-0.71923774,12.499131,-0.23084384,0.2343336,1
3,64.4,8.663237,-0.38472307,12.386639,-1.1249299,0.27097318,1
3,5.6,-2.9140816,4.721336,10.248775,-0.5544991,-3.4803271,2
3,5.7,-2.434042,4.8425336,10.354243,1.0546823,-3.4784596,2
3,5.8,-1.9478853,4.8892465,10.506549,1.5230536,-3.4781349,2
3,5.9,-1.4550722,4.9267054,10.578831,0.722825,-3.4792671,2
3,6,-0.9679259,4.814289,10.662062,0.83230484,-3.4817386,2
3,6.1,-0.497583,4.60134,10.845648,1.8358607,-3.4853318,2
3,6.2,-0.050893538,4.375746,11.041963,1.9631474,-3.489707,2
3,6.3,0.3786197,4.2309694,11.156979,1.1501638,-3.4946656,2
3,6.4,0.7957809,4.196296,11.287664,1.3068588,-3.5001714,2
3,6.5,1.2292074,4.431549,11.463985,1.7632076,-3.5056808,2
3,6.6,1.682894,4.6175246,11.677539,2.1355364,-3.5114057,2
3,6.7,2.1552885,4.825992,11.858827,1.8128742,-3.5168092,2
3,6.8,2.6531668,5.1098266,11.956556,0.97729987,-3.521759,2
3,6.9,3.1784136,5.328354,12.0487,0.92143965,-3.526004,2
3,7,3.7039242,5.1317754,12.225809,1.771088,-3.5292914,2
3,7.1,4.1909475,4.637285,12.425265,1.9945674,-3.5314207,2
3,7.2,4.622149,4.0473447,12.571439,1.4617317,-3.5322547,2
3,7.3,4.992085,3.4184773,12.676353,1.0491496,-3.5318182,2
3,7.4,5.297102,2.7377706,12.792645,1.1629124,-3.5301785,2
3,7.5,5.5291476,1.9663272,12.982677,1.9003248,-3.527462,2
3,7.6,5.6824493,1.1938349,13.171434,1.8875666,-3.5238788,2
3,7.7,5.765367,0.5494098,13.238887,0.6745184,-3.5196664,2
3,7.8,5.7895384,-0.02034388,13.2404375,0.015505176,-3.5150347,2
3,7.9,5.7586527,-0.48726502,13.240718,0.002804475,-3.51027,2
3,8,5.710591,-0.47927532,13.205154,-0.35563245,-3.5055277,2
3,8.1,5.667147,-0.38709614,13.085629,-1.1952555,-3.5010004,2
3,8.2,5.6362543,-0.25033262,12.921525,-1.6410372,-3.4968317,2
3,8.3,5.61231,-0.24379826,12.8877125,-0.33812726,-3.4932518,2
3,8.4,5.5824804,-0.3473586,12.941477,0.5376421,-3.4908402,2
3,8.5,5.531223,-0.6129803,12.906646,-0.34831288,-3.491043,2
3,8.6,5.458521,-0.76043075,12.739718,-1.6692704,-3.4949353,2
3,8.7,5.3672585,-0.8852476,12.548051,-1.9166805,-3.501522,2
3,8.8,5.262752,-1.0080183,12.357603,-1.9044725,-3.5096307,2
3,8.9,5.152834,-1.0412289,12.120317,-2.3728325,-3.5179057,2
3,9,5.0559206,-0.84392023,11.84805,-2.7227309,-3.524911,2
3,9.1,4.994451,-0.4151598,11.5693445,-2.7870734,-3.531377,2
3,9.2,4.983288,0.13079774,11.290173,-2.7916834,-3.5371873,2
3,9.3,5.026711,0.68115187,11.062486,-2.2767894,-3.5424495,2
3,9.4,5.125872,1.2260604,10.867459,-1.9502459,-3.5470102,2
3,9.5,5.2772646,1.7205212,10.737426,-1.3003792,-3.5503447,2
3,9.6,5.472633,2.1250253,10.702818,-0.34615153,-3.5523186,2
3,9.7,5.7023363,2.4092007,10.728734,0.25908023,-3.5529342,2
3,9.8,5.9431667,2.3660681,10.796686,0.6794528,-3.5521688,2
3,9.9,6.1630616,2.0485005,10.936575,1.398819,-3.5501282,2
3,10,6.341607,1.5696005,11.145577,2.0899653,-3.5470076,2
3,10.1,6.4698615,1.0518869,11.355243,2.0966022,-3.5430405,2
3,10.2,6.544593,0.47954556,11.530775,1.7552925,-3.5121615,2
3,10.3,6.55664,-0.1908769,11.714199,1.834212,-3.4128642,2
3,10.4,6.503259,-0.8458507,11.888317,1.7411638,-3.2420504,2
3,10.5,6.3891068,-1.4515204,12.027117,1.3879905,-3.0084162,2
3,10.6,6.2139196,-2.06444,12.198735,1.7161883,-2.724864,2
3,10.7,5.983475,-2.5342433,12.319645,1.2090989,-2.4074025,2
3,10.8,5.725495,-2.6284595,12.305021,-0.14622812,-2.0698326,2
3,10.9,5.4719477,-2.5268197,12.223007,-0.820127,-1.7233032,2
3,11,5.226875,-2.3940785,12.109097,-1.1390982,-1.3829916,2
3,7,3.0202785,6.0566587,11.751651,1.51519,-3.5374808,3
3,7.1,3.64093,6.328498,11.841662,0.900123,-3.537877,3
3,7.2,4.2853804,6.500852,11.962937,1.2127476,-3.5368407,3
3,7.3,4.925573,6.2665854,12.162781,1.9984286,-3.5344458,3
3,7.4,5.524742,5.758395,12.360463,1.976822,-3.53081,3
3,7.5,6.069833,5.184521,12.471825,1.1136174,-3.526219,3
3,7.6,6.5502453,4.4745374,12.63601,1.641854,-3.520984,3
3,7.7,6.952939,3.6435165,12.842885,2.068744,-3.4937243,3
3,7.8,7.268381,2.7320812,13.037935,1.9505022,-3.409297,3
3,7.9,7.4913936,1.8283676,13.216662,1.7872713,-3.2446837,3
3,8,7.650903,1.3420671,13.363302,1.4663991,-2.982084,3
3,8.1,7.7654223,0.87410086,13.444372,0.81069773,-2.6164768,3
3,8.2,7.834602,0.4172412,13.506442,0.620695,-2.154847,3
3,8.3,7.861042,0.06832651,13.537956,0.31513837,-1.6150513,3
3,8.4,7.8607607,-0.07205315,13.47995,-0.580059,-1.0245268,3
3,8.5,7.840295,-0.2589583,13.38414,-0.9580974,-0.42422625,3
3,8.6,7.8051596,-0.33993757,13.287608,-0.9653276,0.14507304,3
3,8.7,7.768603,-0.2873389,13.099633,-1.879753,0.6532281,3
3,8.8,7.7415648,-0.16189009,12.84117,-2.584591,1.0788738,3
3,8.9,7.719525,-0.20166203,12.703805,-1.3736467,1.4143605,3
3,9,7.684935,-0.37876877,12.686966,-0.16836952,1.6609932,3
3,9.1,7.6405025,-0.44739363,12.599343,-0.8761391,1.8226951,3
3,9.2,7.5884,-0.57690525,12.446067,-1.5326552,1.8956339,3
3,9.3,7.515796,-0.86471254,12.386002,-0.60059506,1.8836305,3
3,9.4,7.4093127,-1.2472528,12.394891,0.088859625,1.8012207,3
3,9.5,7.2656693,-1.6031944,12.368875,-0.2602305,1.6624156,3
3,9.6,7.0941343,-1.8232046,12.209012,-1.5986938,1.4791076,3
3,9.7,6.9056783,-1.965245,11.986111,-2.2290785,1.2623681,3
3,9.8,6.704282,-2.0793002,11.7642565,-2.2186024,1.0230565,3
3,9.9,6.4958205,-2.1062953,11.492951,-2.7131069,0.7730024,3
3,10,6.2900157,-2.0501845,11.178832,-3.1412315,0.5243483,3
3,10.1,6.0895963,-1.9738097,10.910804,-2.6803193,0.2874682,3
3,10.2,5.903145,-1.7222198,10.667705,-2.4310174,0.06790172,3
3,10.3,5.758191,-1.1786098,10.343176,-3.2453117,-0.13365428,3
3,10.4,5.6589546,-0.8237305,10.007526,-3.3564987,-0.31272167,3
3,10.5,5.5876203,-0.61073476,9.806151,-2.0137517,-0.46379876,3
3,10.6,5.5315228,-0.4929963,9.6896715,-1.1648,-0.5854323,3
3,10.7,5.488312,-0.3501366,9.538693,-1.5097641,-0.6794309,3
3,10.8,5.4631624,-0.16229989,9.331384,-2.0730827,-0.75629085,3
3,10.9,5.469551,0.2582655,9.162058,-1.6932474,-0.8234876,3
3,11,5.5148363,0.6029367,9.120917,-0.41139054,-0.8763727,3
3,11.1,5.5915728,0.907399,9.129558,0.086420886,-0.9178162,3
3,11.2,5.697891,1.1766869,9.119963,-0.095929414,-0.95445526,3
3,11.3,5.819234,1.2176912,9.111997,-0.079649486,-0.988326,3
3,11.4,5.9338098,1.0710621,9.157218,0.45221466,-1.0188981,3
3,11.5,6.027029,0.81154764,9.264415,1.0719784,-1.0450232,3
3,11.6,6.0936437,0.5587906,9.346767,0.8235264,-1.0659889,3
3,11.7,6.140277,0.391168,9.3380165,-0.08751007,-1.0815413,3
3,11.8,6.170716,0.22928537,9.321757,-0.16260305,-1.0891882,3
3,11.9,6.1836963,0.06250185,9.291337,-0.30421454,-1.0750892,3
3,12,6.1821647,-0.0903621,9.231035,-0.6030293,-1.0273172,3
3,12.1,6.1620984,-0.31275803,9.280643,0.49607122,-0.96017784,3
3,12.2,6.1164265,-0.5642199,9.370372,0.8972731,-0.89042956,3
3,12.3,6.0491095,-0.7588403,9.403615,0.33241275,-0.8255088,3
3,12.4,5.9690833,-0.81145436,9.403381,-0.002344931,-0.76844513,3
3,12.5,5.888118,-0.8037098,9.342659,-0.6072403,-0.7042927,3
3,12.6,5.8096476,-0.7830973,9.260958,-0.81701905,-0.62328535,3
3,12.7,5.732819,-0.7582993,9.175365,-0.85593754,-0.5245531,3
3,12.8,5.660406,-0.71213657,9.075767,-0.9959934,-0.4111403,3
3,12.9,5.5802827,-0.9352182,9.037568,-0.38198838,-0.28975827,3
3,13,5.48102,-1.0058964,9.097602,0.6003257,-0.16587448,3
3,13.1,5.386875,-0.85020965,9.143861,0.4625867,-0.040005777,3
3,13.2,5.319195,-0.54419273,9.070027,-0.73833776,0.08686032,3
3,13.3,5.273127,-0.43926823,8.971562,-0.9846533,0.21041742,3
3,13.4,5.224581,-0.53838897,8.934531,-0.37030587,0.3248455,3
3,5.7,-3.124543,4.444799,10.751982,0.5010682,-3.4790921,4
3,5.8,-2.667559,4.661805,10.733993,-0.17988895,-3.479183,4
3,5.9,-2.1970522,4.6821456,10.823395,0.8940141,-3.4806783,4
3,6,-1.7388355,4.5146093,10.961743,1.3834935,-3.4834316,4
3,6.1,-1.2928749,4.42043,11.026561,0.64817554,-3.4871843,4
3,6.2,-0.8568973,4.2986197,11.119097,0.92535156,-3.4917014,4
3,6.3,-0.43766728,4.098143,11.289811,1.7071474,-3.4968004,4
3,6.4,-0.036375247,4.0285826,11.450004,1.601934,-3.5023494,4
3,6.5,0.3777032,4.191355,11.512516,0.62511784,-3.5079837,4
3,6.6,0.7917162,4.051725,11.527005,0.14488786,-3.513707,4
3,6.7,1.1736531,3.594421,11.646483,1.1947825,-3.518879,4
3,6.8,1.4992834,2.9796922,11.851479,2.0499508,-3.5233142,4
3,6.9,1.7686611,2.5131865,12.060825,2.0934763,-3.5268383,4
3,7,2.0120873,2.4201772,12.145002,0.8417678,-3.5293634,4
3,7.1,2.2601788,2.5074606,12.131848,-0.13154593,-3.5308876,4
3,7.2,2.5038419,2.3553667,12.165717,0.3386965,-3.5313306,4
3,7.3,2.7309253,2.2383034,12.205905,0.40187532,-3.5307066,4
3,7.4,2.9589136,2.3427396,12.202267,-0.036388256,-3.5292044,4
3,7.5,3.206003,2.5817473,12.174543,-0.27723536,-3.5268574,4
3,7.6,3.479337,2.8510242,12.180572,0.06028058,-3.5238235,4
3,7.7,3.7781506,3.0835683,12.193093,0.12522006,-3.520221,4
3,7.8,4.0897727,3.1088538,12.10874,-0.84353596,-3.516193,4
3,7.9,4.39334,2.975192,11.99127,-1.1747029,-3.5119584,4
3,8,4.69004,2.9240718,12.009425,0.18154758,-3.5076418,4
3,8.1,4.974814,2.7743313,12.127108,1.1768254,-3.5034542,4
3,8.2,5.2424116,2.5942073,12.274785,1.4767765,-3.499521,4
3,8.3,5.490342,2.403856,12.432753,1.5796802,-3.495958,4
3,8.4,5.7188516,2.1894524,12.608227,1.754734,-3.4933987,4
3,8.5,5.916674,1.791669,12.810098,2.0187159,-3.4938667,4
3,8.6,6.066908,1.3090426,13.001523,1.9142482,-3.4991057,4
3,8.7,6.160876,0.82719153,13.1498575,1.4833448,-3.5074499,4
3,8.8,6.205968,0.3104252,13.275101,1.2524314,-3.4936862,4
3,8.9,6.1973915,-0.33251828,13.463543,1.8844823,-3.4229207,4
3,9,6.12877,-0.9934641,13.645985,1.8244784,-3.2841265,4
3,9.1,6.0027375,-1.507036,13.667868,0.2189832,-3.078834,4
3,9.2,5.836547,-1.8360895,13.572578,-0.9527613,-2.8186543,4
3,9.3,5.648672,-1.9519845,13.501872,-0.7069599,-2.5197434,4
3,9.4,5.463801,-1.7773758,13.40111,-1.007635,-2.193081,4
3,9.5,5.309685,-1.352753,13.174106,-2.2700903,-1.8438776,4
3,9.6,5.205987,-0.7985775,12.891527,-2.8258405,-1.4756986,4
